[Lcom/google/javascript/jscomp/FunctionInjector$CallSiteType;.clone()Ljava/lang/Object;,0E+47,0,0,0E+31,0E+33,0,0,0E+43
com/google/javascript/jscomp/DiagnosticType.disabled(Ljava/lang/String;Ljava/lang/String;)Lcom/google/javascript/jscomp/DiagnosticType;,0E+48,0,0,0E+30,0E+32,0,0,0E+44
com/google/javascript/jscomp/parsing/Config$LanguageMode.<init>(Ljava/lang/String;I)V,0E+49,0,0,0E+30,0E+32,0,0,0E+43
com/google/javascript/jscomp/ControlFlowGraph$Branch.<init>(Ljava/lang/String;I)V,0.06401843996644799025906418218,0.015625,0.0009778994719342851554860160376,0.9199475065616797900262467193,0.9451546850177689640209856664,0.25,0.25,0.01565867790720183413543597131
com/google/javascript/rhino/jstype/TernaryValue.equals(Ljava/lang/Object;)Z,0E+47,0,0,0E+31,0E+32,0,0,0E+40
com/google/javascript/jscomp/MinimizedCondition$1.<init>()V,0E+47,0,0,0E+31,0E+33,0,0,0E+43
com/google/javascript/jscomp/PeepholeSubstituteAlternateSyntax$FoldArrayAction.<init>(Ljava/lang/String;I)V,0E+47,0,0,0E+31,0E+32,0,0,0E+44
com/google/javascript/rhino/JSDocInfo.isDeprecated()Z,0.1280368799328959805181283644,0.01639344262295081967213114754,0.0003923107100823852491173009023,1,1,1,1,0.01980683493348660274276222318
com/google/common/collect/ImmutableSet.of(Ljava/lang/Object;Ljava/lang/Object;)Lcom/google/common/collect/ImmutableSet;,0.1478442541909145668872096540,0.03225806451612903225806451613,0.0003922337713277113159443028045,0.9857042418561049917975158190,0.9904213263588263588263588264,0.6666666666666666666666666667,0.6666666666666666666666666667,0.01617221300219165581681024135
com/google/javascript/jscomp/CompilerOptions$TracerMode.<init>(Ljava/lang/String;I)V,0.07392212709545728344360482701,0.01587301587301587301587301587,0.0007833920877399138268703486095,0.9451685393258426966292134829,0.9627555623742050489664266745,0.3333333333333333333333333333,0.3333333333333333333333333333,0.01617221300219165581681024135
java/lang/String.compareTo(Ljava/lang/String;)I,0E+47,0,0,0E+31,0E+32,0,0,0E+42
com/google/javascript/jscomp/DiagnosticType.error(Ljava/lang/String;Ljava/lang/String;)Lcom/google/javascript/jscomp/DiagnosticType;,0.03735219680565763394294618358,0.01886792452830188679245283019,0.001147227533460803059273422562,0.6050927924039706517047906776,0.7014896771257242779843446832,0.04255319148936170212765957447,0.04347826086956521739130434783,0.007153388161190398069846358836
com/google/javascript/jscomp/newtypes/NaivePersistentMap.create()Lcom/google/javascript/jscomp/newtypes/PersistentMap;,0E+46,0,0,0E+30,0E+32,0,0,0E+42
com/google/common/collect/ImmutableSet.of(Ljava/lang/Object;Ljava/lang/Object;Ljava/lang/Object;Ljava/lang/Object;Ljava/lang/Object;Ljava/lang/Object;[Ljava/lang/Object;)Lcom/google/common/collect/ImmutableSet;,0E+48,0,0,0E+30,0E+31,0,0,0E+40
com/google/javascript/rhino/jstype/TemplateTypeMap$EquivalenceMatch.<init>(Ljava/lang/String;I)V,0E+47,0,0,0E+31,0E+32,0,0,0E+44
com/google/javascript/jscomp/regex/RegExpTree$Empty.<init>()V,0E+48,0,0,0E+30,0E+32,0,0,0E+43
com/google/javascript/jscomp/graph/LinkedDirectedGraph.getNodeOrFail(Ljava/lang/Object;)Lcom/google/javascript/jscomp/graph/GraphNode;,0.2217663812863718503308144810,0.04918032786885245901639344262,0.03785798352295017653981953707,1,1,1,1,0.1945712813416979519350621797
[Lcom/google/javascript/jscomp/InlineVariables$Mode;.clone()Ljava/lang/Object;,0E+47,0,0,0E+31,0E+33,0,0,0E+43
com/google/javascript/jscomp/parsing/TypeTransformationParser$OperationKind.values()[Lcom/google/javascript/jscomp/parsing/TypeTransformationParser$OperationKind;,0E+46,0,0,0E+31,0E+33,0,0,0E+46
com/google/javascript/jscomp/graph/DiGraph.isConnectedInDirection(Ljava/lang/Object;Ljava/lang/Object;)Z,0.1280368799328959805181283644,0.01639344262295081967213114754,0.0001961553550411926245586504512,1,1,1,1,0.01400554729531097671671598248
com/google/javascript/jscomp/CompilerOptions$TracerMode.values()[Lcom/google/javascript/jscomp/CompilerOptions$TracerMode;,0E+47,0,0,0E+31,0E+33,0,0,0E+43
com/google/javascript/rhino/Node.removeProp(I)V,0.1280368799328959805181283644,0.01639344262295081967213114754,0.003138485680659081992938407219,1,1,1,1,0.05602218918124390686686392991
java/lang/StringBuilder.<init>()V,0.1568125120467950014238775509,0.046875,0.006449091264412741840922415478,0.9718114602587800369685767099,0.9889859969496639979732651569,0.5,0.6346153846153846153846153846,0.06409325862184349427999286459
[Lcom/google/javascript/jscomp/AbstractCompiler$ConfigContext;.clone()Ljava/lang/Object;,0E+47,0,0,0E+31,0E+33,0,0,0E+43
com/google/javascript/jscomp/CodeGenerator.forCostEstimation(Lcom/google/javascript/jscomp/CodeConsumer;)Lcom/google/javascript/jscomp/CodeGenerator;,0E+47,0,0,0E+31,0E+33,0,0,0E+43
com/google/javascript/jscomp/regex/CharRanges.union(Lcom/google/javascript/jscomp/regex/CharRanges;)Lcom/google/javascript/jscomp/regex/CharRanges;,0E+48,0,0,0E+30,0E+31,0,0,0E+42
com/google/javascript/jscomp/ControlFlowGraph.createDirectedGraphNode(Ljava/lang/Object;)Lcom/google/javascript/jscomp/graph/LinkedDirectedGraph$LinkedDirectedGraphNode;,0.1280368799328959805181283644,0.01639344262295081967213114754,0.001569242840329540996469203609,1,1,1,1,0.03961366986697320548552444636
java/lang/String.length()I,0.1935735673983309042856224227,0.0625,0.02823438406497776058789402437,0.9787085514834205933682373473,0.9904213263588263588263588264,0.5714285714285714285714285714,0.6666666666666666666666666667,0.1381754484607983640825416811
com/google/javascript/jscomp/CompilerOptions$Reach.<init>(Ljava/lang/String;I)V,0E+46,0,0,0E+31,0E+32,0,0,0E+40
java/lang/StringBuilder.append(Ljava/lang/String;)Ljava/lang/StringBuilder;,0.1935735673983309042856224227,0.0625,0.005818318318318318318318318318,0.9787085514834205933682373473,0.8745006016808532340760610652,0.5714285714285714285714285714,0.1187739463601532567049808429,0.02687457002736048199752654206
com/google/javascript/jscomp/regex/RegExpTree.<init>()V,0E+48,0,0,0E+30,0E+32,0,0,0E+43
com/google/javascript/jscomp/newtypes/PersistentSet.<init>()V,0E+49,0,0,0E+30,0E+32,0,0,0E+44
com/google/common/base/CharMatcher.inRange(CC)Lcom/google/common/base/CharMatcher;,0E+47,0,0,0E+31,0E+33,0,0,0E+43
com/google/javascript/rhino/Node.newString(ILjava/lang/String;)Lcom/google/javascript/rhino/Node;,0.2217663812863718503308144810,0.04918032786885245901639344262,0.005688505296194586112200863084,1,1,1,1,0.07542218039936651770977202944
[Lcom/google/javascript/jscomp/parsing/parser/trees/ParseTreeType;.clone()Ljava/lang/Object;,0E+46,0,0,0E+31,0E+33,0,0,0E+46
com/google/common/collect/ImmutableList.of(Ljava/lang/Object;Ljava/lang/Object;Ljava/lang/Object;Ljava/lang/Object;Ljava/lang/Object;Ljava/lang/Object;Ljava/lang/Object;Ljava/lang/Object;Ljava/lang/Object;Ljava/lang/Object;Ljava/lang/Object;Ljava/lang/Object;[Ljava/lang/Object;)Lcom/google/common/collect/ImmutableList;,0E+47,0,0,0E+31,0E+33,0,0,0E+43
com/google/javascript/jscomp/JsAst.<init>(Lcom/google/javascript/jscomp/SourceFile;)V,0E+47,0,0,0E+31,0E+32,0,0,0E+40
com/google/javascript/jscomp/regex/CharRanges.withRanges([I)Lcom/google/javascript/jscomp/regex/CharRanges;,0E+47,0,0,0E+31,0E+31,0,0,0E+41
java/util/Arrays.copyOf([II)[I,0E+47,0,0,0E+30,0E+31,0,0,0E+44
com/google/javascript/jscomp/parsing/parser/util/format/SimpleFormat$BigDecimalLayoutForm.<init>(Ljava/lang/String;I)V,0E+47,0,0,0E+31,0E+33,0,0,0E+46
[Lcom/google/javascript/jscomp/CommandLineRunner$FormattingOption;.clone()Ljava/lang/Object;,0E+47,0,0,0E+31,0E+33,0,0,0E+43
com/google/javascript/jscomp/regex/CharRanges.inclusive(II)Lcom/google/javascript/jscomp/regex/CharRanges;,0E+47,0,0,0E+30,0E+31,0,0,0E+44
java/util/HashSet.<init>()V,0E+49,0,0,0E+30,0E+32,0,0,0E+44
com/google/javascript/rhino/JSDocInfo.makesStructs()Z,0.1280368799328959805181283644,0.01639344262295081967213114754,0.0003923107100823852491173009023,1,1,1,1,0.01980683493348660274276222318
com/google/javascript/jscomp/graph/LinkedUndirectedGraph.<init>(ZZ)V,0.1810714920850370556379957748,0.03278688524590163934426229508,0.002746174970576696743821106316,1,1,1,1,0.05240395949331211839333690185
com/google/javascript/jscomp/MinimizedCondition$MinimizationStyle.<init>(Ljava/lang/String;I)V,0E+47,0,0,0E+31,0E+33,0,0,0E+46
com/google/debugging/sourcemap/SourceMapFormat.ordinal()I,0E+47,0,0,0E+31,0E+33,0,0,0E+46
com/google/javascript/jscomp/DotFormatter.formatConclusion()V,0.1280368799328959805181283644,0.01639344262295081967213114754,0.0001961553550411926245586504512,1,1,1,1,0.01400554729531097671671598248
com/google/javascript/jscomp/CheckPathsBetweenNodes$2.<init>()V,0E+47,0,0,0E+31,0E+33,0,0,0E+43
[Lcom/google/javascript/jscomp/parsing/TypeTransformationParser$Keywords;.clone()Ljava/lang/Object;,0E+46,0,0,0E+31,0E+33,0,0,0E+46
com/google/javascript/jscomp/newtypes/NaivePersistentMap.<init>(Ljava/util/Map;)V,0E+46,0,0,0E+30,0E+32,0,0,0E+42
com/google/javascript/jscomp/graph/DiGraph.isConnectedInDirection(Ljava/lang/Object;Ljava/lang/Object;Ljava/lang/Object;)Z,0.1280368799328959805181283644,0.01639344262295081967213114754,0.0001961553550411926245586504512,1,1,1,1,0.01400554729531097671671598248
java/lang/String.format(Ljava/lang/String;[Ljava/lang/Object;)Ljava/lang/String;,0E+48,0,0,0E+30,0E+32,0,0,0E+40
com/google/javascript/jscomp/parsing/parser/trees/FunctionDeclarationTree$Kind.<init>(Ljava/lang/String;I)V,0E+47,0,0,0E+31,0E+32,0,0,0E+42
com/google/javascript/jscomp/BasicErrorManager$LeveledJSErrorComparator.<init>()V,0.1280368799328959805181283644,0.01639344262295081967213114754,0.005688505296194586112200863084,1,1,1,1,0.07542218039936651770977202944
com/google/javascript/rhino/Node.checkTreeEqualsImpl(Lcom/google/javascript/rhino/Node;)Lcom/google/javascript/rhino/Node$NodeMismatch;,0.1280368799328959805181283644,0.01639344262295081967213114754,0.0003923107100823852491173009023,1,1,1,1,0.01980683493348660274276222318
com/google/javascript/jscomp/SourceFile$Preloaded.<init>(Ljava/lang/String;Ljava/lang/String;Ljava/lang/String;)V,0.04267895997763199350604278812,0.01990049751243781094527363184,0.004043273959130149710414162387,0.4962246342614440773949976405,0.3206359894818262298396874469,0.02777777777777777777777777778,0.009046454767726161369193154034,0.008102893941834260613520257325
com/google/javascript/jscomp/parsing/parser/trees/ParseTreeType.<init>(Ljava/lang/String;I)V,0E+49,0,0,0E+30,0E+31,0,0,0E+41
java/lang/String.getBytes(Ljava/nio/charset/Charset;)[B,0.1280368799328959805181283644,0.01639344262295081967213114754,0.0003923107100823852491173009023,1,1,1,1,0.01980683493348660274276222318
java/lang/Boolean.valueOf(Z)Ljava/lang/Boolean;,0E+47,0,0,0E+31,0E+33,0,0,0E+43
java/lang/StringBuilder.toString()Ljava/lang/String;,0.1568125120467950014238775509,0.046875,0.006058237248387727183896814540,0.9718114602587800369685767099,0.9882837414565672168049723519,0.5,0.62,0.06140118829380847023083474815
[Lcom/google/javascript/jscomp/CompilerOptions$TracerMode;.clone()Ljava/lang/Object;,0E+47,0,0,0E+31,0E+33,0,0,0E+43
com/google/common/base/Preconditions.checkArgument(ZLjava/lang/String;[Ljava/lang/Object;)V,0E+47,0,0,0E+31,0E+33,0,0,0E+43
com/google/javascript/rhino/Token.name(I)Ljava/lang/String;,0.2217663812863718503308144810,0.04918032786885245901639344262,0.003530796390741467242055708121,1,1,1,1,0.05942050480045980544075141743
com/google/javascript/jscomp/CssRenamingMap$Style.ordinal()I,0E+47,0,0,0E+31,0E+33,0,0,0E+46
com/google/javascript/jscomp/parsing/parser/TokenType.values()[Lcom/google/javascript/jscomp/parsing/parser/TokenType;,0E+49,0,0,0E+30,0E+32,0,0,0E+44
com/google/javascript/rhino/JSDocInfo.declareTemplateTypeName(Ljava/lang/String;)Z,0.1280368799328959805181283644,0.01639344262295081967213114754,0.0003923107100823852491173009023,1,1,1,1,0.01980683493348660274276222318
com/google/javascript/rhino/JSDocInfo$Visibility.<init>(Ljava/lang/String;I)V,0.07392212709545728344360482701,0.01587301587301587301587301587,0.0009788566953797963978073610023,0.9451685393258426966292134829,0.9627555623742050489664266744,0.3333333333333333333333333333,0.3333333333333333333333333333,0.01808108380975324710206155615
com/google/javascript/rhino/jstype/TernaryValue$1.<init>(Ljava/lang/String;I)V,0.04526787302125926390949894369,0.01470588235294117647058823529,0.0001958863858961802154750244858,0.8312252964426877470355731227,0.8807481395092381261090262626,0.125,0.125,0.004951708733371650685690555794
java/lang/Appendable.append(C)Ljava/lang/Appendable;,0.2217663812863718503308144810,0.04918032786885245901639344262,0.003138485680659081992938407219,1,1,1,1,0.05602218918124390686686392991
com/google/javascript/jscomp/XtbMessageBundle$SecureEntityResolver.<init>(Lcom/google/javascript/jscomp/XtbMessageBundle$1;)V,0.09053574604251852781899788739,0.01612903225806451612903225806,0.0001961168856638556579721514022,0.9718114602587800369685767097,0.9810244136662932096582682265,0.5,0.5,0.009903417466743301371381111589
com/google/javascript/jscomp/CodingConventions$DefaultCodingConvention.<init>(Lcom/google/javascript/jscomp/CodingConventions$1;)V,0.06401843996644799025906418218,0.015625,0.003481624758220502901353965184,0.9199475065616797900262467193,0.9281858040886760226092162490,0.25,0.2,0.02657365759823614261982328264
com/google/common/collect/ImmutableSet.of(Ljava/lang/Object;Ljava/lang/Object;Ljava/lang/Object;Ljava/lang/Object;Ljava/lang/Object;)Lcom/google/common/collect/ImmutableSet;,0E+47,0,0,0E+31,0E+33,0,0,0E+43
com/google/javascript/jscomp/ClosureCodingConvention.<init>(Lcom/google/javascript/jscomp/CodingConvention;)V,0E+49,0,0,0E+30,0E+31,0,0,0E+42
com/google/javascript/rhino/jstype/TernaryValue.not()Lcom/google/javascript/rhino/jstype/TernaryValue;,0E+47,0,0,0E+31,0E+32,0,0,0E+44
com/google/javascript/rhino/Node.getBooleanProp(I)Z,0.1280368799328959805181283644,0.01639344262295081967213114754,0.0005884660651235778736759513535,1,1,1,1,0.02425831950328748372521536202
com/google/common/base/Predicates.equalTo(Ljava/lang/Object;)Lcom/google/common/base/Predicate;,0.1280368799328959805181283644,0.01639344262295081967213114754,0.0001961553550411926245586504512,1,1,1,1,0.01400554729531097671671598248
com/google/javascript/jscomp/CodingConventions.getDefault()Lcom/google/javascript/jscomp/CodingConvention;,0E+49,0,0,0E+30,0E+31,0,0,0E+42
java/lang/Math.pow(DD)D,0E+47,0,0,0E+31,0E+33,0,0,0E+43
java/lang/Integer.toString(II)Ljava/lang/String;,0E+47,0,0,0E+31,0E+31,0,0,0E+43
com/google/javascript/jscomp/graph/LinkedDirectedGraph.getDirectedSuccNodes(Lcom/google/javascript/jscomp/graph/DiGraph$DiGraphNode;)Ljava/util/List;,0.1280368799328959805181283644,0.01639344262295081967213114754,0.0001961553550411926245586504512,1,1,1,1,0.01400554729531097671671598248
com/google/javascript/jscomp/CommandLineRunner$FormattingOption.values()[Lcom/google/javascript/jscomp/CommandLineRunner$FormattingOption;,0E+47,0,0,0E+31,0E+33,0,0,0E+43
com/google/common/base/Preconditions.checkArgument(Z)V,0.2217663812863718503308144810,0.04918032786885245901639344262,0.001373087485288348371910553158,1,1,1,1,0.03705519511874614733059190911
[Lcom/google/javascript/jscomp/CompilationLevel;.clone()Ljava/lang/Object;,0E+47,0,0,0E+31,0E+33,0,0,0E+43
com/google/javascript/rhino/Node.putBooleanProp(IZ)V,0.1280368799328959805181283644,0.01639344262295081967213114754,0.0003923107100823852491173009023,1,1,1,1,0.01980683493348660274276222318
com/google/javascript/jscomp/ProcessTweaks$TweakFunction.<init>(Ljava/lang/String;ILjava/lang/String;Lcom/google/javascript/jscomp/ProcessTweaks$TweakFunction;)V,0E+46,0,0,0E+31,0E+32,0,0,0E+40
java/lang/Enum.<init>(Ljava/lang/String;I)V,0.1128528506892505903855663226,0.04086538461538461538461538462,0.01311600662167324589328918885,0.6227746228617217712434240324,0.6590358040335959580868887120,0.04569892473118279569892473118,0.03603918824352694191742477257,0.02698399184380354777316563915
com/google/javascript/jscomp/PropertyRenamingPolicy.values()[Lcom/google/javascript/jscomp/PropertyRenamingPolicy;,0E+47,0,0,0E+31,0E+33,0,0,0E+43
com/google/javascript/jscomp/ControlFlowGraph$Branch.values()[Lcom/google/javascript/jscomp/ControlFlowGraph$Branch;,0E+46,0,0,0E+31,0E+33,0,0,0E+46
[Lcom/google/javascript/jscomp/PropertyRenamingPolicy;.clone()Ljava/lang/Object;,0E+47,0,0,0E+31,0E+33,0,0,0E+43
java/util/Iterator.hasNext()Z,0.1810714920850370556379957748,0.03278688524590163934426229508,0.0007846214201647704982346018046,1,1,1,1,0.02801109459062195343343196496
com/google/javascript/rhino/Node.toString()Ljava/lang/String;,0.1810714920850370556379957748,0.03278688524590163934426229508,0.001765398195370733621027854060,1,1,1,1,0.04201664188593293015014794743
com/google/javascript/jscomp/AliasExternals.getArrayNotationNameFor(Ljava/lang/String;)Ljava/lang/String;,0E+47,0,0,0E+31,0E+33,0,0,0E+43
com/google/javascript/jscomp/ProcessTweaks$TweakFunction.ordinal()I,0E+47,0,0,0E+31,0E+32,0,0,0E+44
com/google/javascript/jscomp/NameAnalyzer$RefType.<init>(Ljava/lang/String;I)V,0E+47,0,0,0E+31,0E+33,0,0,0E+46
java/util/Locale.<init>(Ljava/lang/String;)V,0E+47,0,0,0E+31,0E+33,0,0,0E+43
com/google/common/collect/ImmutableSet.of(Ljava/lang/Object;Ljava/lang/Object;Ljava/lang/Object;Ljava/lang/Object;)Lcom/google/common/collect/ImmutableSet;,0.1451801755487481782142168170,0.04615384615384615384615384615,0.0005880047040376323010584084673,0.9627651457347779642911643522,0.9748582447375786142197881593,0.4285714285714285714285714286,0.4285714285714285714285714286,0.01588079790803406314168224676
com/google/javascript/rhino/jstype/ObjectType.createDelegateSuffix(Ljava/lang/String;)Ljava/lang/String;,0E+47,0,0,0E+31,0E+33,0,0,0E+43
com/google/javascript/rhino/SimpleSourceFile.<init>(Ljava/lang/String;Z)V,0.1280368799328959805181283644,0.01639344262295081967213114754,0.0001961553550411926245586504512,1,1,1,1,0.01400554729531097671671598248
com/google/javascript/rhino/IR.mayBeStatement(Lcom/google/javascript/rhino/Node;)Z,0.1280368799328959805181283644,0.01639344262295081967213114754,0.0001961553550411926245586504512,1,1,1,1,0.01400554729531097671671598248
com/google/javascript/jscomp/WarningLevel.values()[Lcom/google/javascript/jscomp/WarningLevel;,0E+47,0,0,0E+31,0E+33,0,0,0E+43
com/google/javascript/jscomp/CompilationLevel.<init>(Ljava/lang/String;I)V,0E+46,0,0,0E+31,0E+32,0,0,0E+40
com/google/javascript/jscomp/graph/GraphNode.setAnnotation(Lcom/google/javascript/jscomp/graph/Annotation;)V,0.1280368799328959805181283644,0.01639344262295081967213114754,0.0003923107100823852491173009023,1,1,1,1,0.01980683493348660274276222318
com/google/javascript/rhino/Node$StringNode.<init>(ILjava/lang/String;)V,0.2862991671569341373027453101,0.08196721311475409836065573770,0.01275009807767752059631227933,1,1,1,1,0.1129163322007827246824052914
com/google/javascript/rhino/Node.matchesQualifiedName(Ljava/lang/String;I)Z,0.1280368799328959805181283644,0.01639344262295081967213114754,0.001373087485288348371910553158,1,1,1,1,0.03705519511874614733059190911
com/google/javascript/jscomp/parsing/Annotation.<init>(Ljava/lang/String;I)V,0E+46,0,0,0E+31,0E+31,0,0,0E+43
com/google/common/collect/ImmutableSet.of(Ljava/lang/Object;Ljava/lang/Object;Ljava/lang/Object;)Lcom/google/common/collect/ImmutableSet;,0E+45,0,0,0E+30,0E+32,0,0,0E+45
com/google/javascript/jscomp/RenameProperties$1.<init>()V,0E+47,0,0,0E+31,0E+33,0,0,0E+43
java/lang/Math.min(II)I,0E+47,0,0,0E+30,0E+31,0,0,0E+43
java/util/Iterator.next()Ljava/lang/Object;,0.1280368799328959805181283644,0.01639344262295081967213114754,0.0001961553550411926245586504512,1,1,1,1,0.01400554729531097671671598248
com/google/common/base/Splitter.onPattern(Ljava/lang/String;)Lcom/google/common/base/Splitter;,0E+47,0,0,0E+31,0E+33,0,0,0E+43
com/google/javascript/jscomp/ProcessTweaks$TweakFunction.<init>(Ljava/lang/String;ILjava/lang/String;Ljava/lang/String;II)V,0E+46,0,0,0E+31,0E+33,0,0,0E+46
com/google/debugging/sourcemap/SourceMapSection$SectionType.<init>(Ljava/lang/String;I)V,0E+47,0,0,0E+31,0E+33,0,0,0E+46
com/google/javascript/jscomp/Tracer$1.<init>()V,0E+47,0,0,0E+31,0E+33,0,0,0E+43
[Lcom/google/javascript/jscomp/WarningLevel;.clone()Ljava/lang/Object;,0E+47,0,0,0E+31,0E+33,0,0,0E+43
[Lcom/google/javascript/jscomp/GlobalNamespace$Ref$Type;.clone()Ljava/lang/Object;,0E+49,0,0,0E+30,0E+32,0,0,0E+44
[Lcom/google/javascript/jscomp/SideEffectsAnalysis$LocationAbstractionMode;.clone()Ljava/lang/Object;,0E+47,0,0,0E+31,0E+33,0,0,0E+43
com/google/javascript/jscomp/deps/DepsGenerator$InclusionStrategy.<init>(Ljava/lang/String;I)V,0E+47,0,0,0E+31,0E+32,0,0,0E+44
com/google/common/collect/Maps.newHashMap()Ljava/util/HashMap;,0.1280368799328959805181283644,0.05479452054794520547945205479,0.003320961125219769486227778863,0.9199475065616797900262467192,0.9766637624794855904869378059,0.25,0.4473684210526315789473684211,0.03862399636131072431072820761
com/google/javascript/rhino/JSDocInfo$Visibility.values()[Lcom/google/javascript/rhino/JSDocInfo$Visibility;,0E+47,0,0,0E+31,0E+33,0,0,0E+43
com/google/javascript/jscomp/parsing/Annotation.values()[Lcom/google/javascript/jscomp/parsing/Annotation;,0E+47,0,0,0E+31,0E+33,0,0,0E+43
com/google/javascript/jscomp/CheckLevel.values()[Lcom/google/javascript/jscomp/CheckLevel;,0E+46,0,0,0E+30,0E+32,0,0,0E+42
com/google/javascript/jscomp/SourceFile.getName()Ljava/lang/String;,0E+47,0,0,0E+31,0E+32,0,0,0E+45
com/google/javascript/jscomp/JsMessage$Hash.word64At([BI)J,0.1280368799328959805181283644,0.01639344262295081967213114754,0.0001961553550411926245586504512,1,1,1,1,0.01400554729531097671671598248
com/google/javascript/jscomp/FunctionInjector$CallSiteType.ordinal()I,0E+47,0,0,0E+31,0E+32,0,0,0E+40
com/google/javascript/rhino/JSDocInfo.setVisibility(Lcom/google/javascript/rhino/JSDocInfo$Visibility;)V,0.1280368799328959805181283644,0.01639344262295081967213114754,0.0003923107100823852491173009023,1,1,1,1,0.01980683493348660274276222318
com/google/javascript/jscomp/graph/DiGraph$DiGraphNode.getInEdges()Ljava/util/List;,0.1280368799328959805181283644,0.01639344262295081967213114754,0.0001961553550411926245586504512,1,1,1,1,0.01400554729531097671671598248
java/lang/Object.getClass()Ljava/lang/Class;,0.1280368799328959805181283644,0.01639344262295081967213114754,0.001961553550411926245586504512,1,1,1,1,0.04428942933039356917468196966
com/google/javascript/jscomp/GlobalNamespace$Ref$Type.values()[Lcom/google/javascript/jscomp/GlobalNamespace$Ref$Type;,0E+49,0,0,0E+30,0E+32,0,0,0E+44
com/google/common/collect/Sets.newHashSet()Ljava/util/HashSet;,0.1478442541909145668872096540,0.03225806451612903225806451613,0.001959631589261218890848520478,0.9857042418561049917975158190,0.9904213263588263588263588264,0.6666666666666666666666666667,0.6666666666666666666666666667,0.03616216761950649420412311231
[Lcom/google/debugging/sourcemap/SourceMapFormat;.clone()Ljava/lang/Object;,0E+47,0,0,0E+31,0E+33,0,0,0E+43
com/google/javascript/jscomp/NameAnalyzer$TriState.<init>(Ljava/lang/String;I)V,0E+47,0,0,0E+31,0E+32,0,0,0E+44
com/google/javascript/jscomp/graph/LinkedDirectedGraph.getDirectedGraphNode(Ljava/lang/Object;)Lcom/google/javascript/jscomp/graph/DiGraph$DiGraphNode;,0.2560737598657919610362567287,0.06557377049180327868852459016,0.03825029423303256178893683798,1,1,1,1,0.1955768243760813397631095337
com/google/javascript/jscomp/AnalyzePrototypeProperties$SymbolType.<init>(Ljava/lang/String;I)V,0E+46,0,0,0E+31,0E+32,0,0,0E+42
com/google/javascript/rhino/jstype/CanCastToVisitor.<init>()V,0.02337622911060922063008202338,0.01111111111111111111111111111,0.0001950458357714062804759118393,0.5431301652892561983471074381,0.6406412172919629075971366416,0.03333333333333333333333333333,0.03333333333333333333333333333,0.002557051394615763623471071403
com/google/javascript/jscomp/CompilerOptions$TweakProcessing.<init>(Ljava/lang/String;I)V,0E+47,0,0,0E+31,0E+32,0,0,0E+44
java/text/MessageFormat.<init>(Ljava/lang/String;)V,0.04267895997763198919187924374,0.02158273381294964028776978417,0.002757859900717043574186431329,0.5700731905665492003252914069,0.6945783832112614094893007790,0.03703703703703703703703703704,0.04213483146067415730337078652,0.01113438783101883382755674399
com/google/javascript/jscomp/parsing/parser/TokenType.<init>(Ljava/lang/String;I)V,0E+45,0,0,0E+30,0E+31,0,0,0E+42
com/google/javascript/jscomp/FunctionInjector$CallSiteType$2.<init>(Ljava/lang/String;I)V,0E+45,0,0,0E+30,0E+32,0,0,0E+45
java/lang/Class.desiredAssertionStatus()Z,0.1045416746978633342825850339,0.03076923076923076923076923077,0.0003920031360250882007056056448,0.9451685393258426966292134832,0.9627555623742050489664266746,0.3333333333333333333333333333,0.3333333333333333333333333333,0.01143548148064297313239277178
com/google/javascript/jscomp/graph/LinkedDirectedGraph$LinkedDirectedGraphNode.getOutEdges()Ljava/util/List;,0.2217663812863718503308144810,0.04918032786885245901639344262,0.01883091408395449195763044331,1,1,1,1,0.1372257777677156775887132613
java/lang/String.charAt(I)C,0.1478442541909145668872096540,0.03225806451612903225806451613,0.02750871755133669120495931809,0.9857042418561049917975158190,0.9913575408999810289292141724,0.6666666666666666666666666667,0.6893203883495145631067961165,0.1385654060108947743550834789
com/google/javascript/jscomp/FindExportableNodes$Mode.<init>(Ljava/lang/String;I)V,0E+47,0,0,0E+31,0E+33,0,0,0E+46
com/google/common/base/Preconditions.checkArgument(ZLjava/lang/Object;)V,0.2560737598657919610362567287,0.06557377049180327868852459016,0.002157708905453118870145154963,1,1,1,1,0.04645114536212340386234253354
com/google/javascript/jscomp/CompilerOptions$TracerMode.ordinal()I,0E+47,0,0,0E+31,0E+32,0,0,0E+42
com/google/javascript/jscomp/CodePrinter$Format.<init>(Ljava/lang/String;I)V,0E+47,0,0,0E+31,0E+32,0,0,0E+44
com/google/javascript/rhino/Node.createProp(ILjava/lang/Object;Lcom/google/javascript/rhino/Node$PropListItem;)Lcom/google/javascript/rhino/Node$PropListItem;,0.1280368799328959805181283644,0.01639344262295081967213114754,0.0005884660651235778736759513535,1,1,1,1,0.02425831950328748372521536202
com/google/javascript/jscomp/ControlFlowGraph$Branch.ordinal()I,0E+46,0,0,0E+31,0E+32,0,0,0E+40
com/google/javascript/jscomp/InlineVariables$Mode.values()[Lcom/google/javascript/jscomp/InlineVariables$Mode;,0E+47,0,0,0E+31,0E+33,0,0,0E+43
com/google/javascript/jscomp/Tracer$Stat.<init>()V,0E+47,0,0,0E+31,0E+33,0,0,0E+43
[Lcom/google/javascript/jscomp/parsing/Config$LanguageMode;.clone()Ljava/lang/Object;,0E+46,0,0,0E+31,0E+33,0,0,0E+46
com/google/javascript/jscomp/InlineVariables$Mode.<init>(Ljava/lang/String;I)V,0E+46,0,0,0E+31,0E+32,0,0,0E+40
com/google/javascript/jscomp/parsing/Config$LanguageMode.ordinal()I,0E+46,0,0,0E+31,0E+32,0,0,0E+43
java/lang/System.arraycopy(Ljava/lang/Object;ILjava/lang/Object;II)V,0E+47,0,0,0E+30,0E+31,0,0,0E+38
com/google/javascript/jscomp/SourceFile.access$000(Lcom/google/javascript/jscomp/SourceFile;Ljava/lang/String;)V,0.04267895997763199350604278812,0.01990049751243781094527363184,0.004043273959130149710414162387,0.4962246342614440773949976405,0.3206359894818262298396874469,0.02777777777777777777777777778,0.009046454767726161369193154034,0.008102893941834260613520257325
com/google/javascript/jscomp/InlineVariables$Mode.ordinal()I,0E+47,0,0,0E+31,0E+32,0,0,0E+44
com/google/javascript/jscomp/ReferenceCollectingCallback$1.<init>()V,0E+47,0,0,0E+31,0E+33,0,0,0E+43
com/google/javascript/jscomp/XtbMessageBundle$SecureEntityResolver.<init>()V,0.09053574604251852781899788739,0.01612903225806451612903225806,0.0001961168856638556579721514022,0.9718114602587800369685767097,0.9810244136662932096582682265,0.5,0.5,0.009903417466743301371381111589
com/google/javascript/rhino/Node.getTypeI()Lcom/google/javascript/rhino/TypeI;,0.1280368799328959805181283644,0.01639344262295081967213114754,0.001765398195370733621027854060,1,1,1,1,0.04201664188593293015014794743
com/google/javascript/jscomp/JsMessage$Hash.hash64([BIIJ)J,0.1280368799328959805181283644,0.01639344262295081967213114754,0.0003923107100823852491173009023,1,1,1,1,0.01980683493348660274276222318
com/google/javascript/jscomp/parsing/parser/trees/ParseTreeType.ordinal()I,0E+46,0,0,0E+31,0E+31,0,0,0E+42
com/google/javascript/jscomp/SourceMap$Format$1.<init>(Ljava/lang/String;I)V,0E+49,0,0,0E+30,0E+32,0,0,0E+44
com/google/javascript/jscomp/CheckLevel.compareTo(Ljava/lang/Enum;)I,0E+47,0,0,0E+31,0E+32,0,0,0E+40
com/google/javascript/rhino/IR.unaryOp(ILcom/google/javascript/rhino/Node;)Lcom/google/javascript/rhino/Node;,0.1280368799328959805181283644,0.01639344262295081967213114754,0.0001961553550411926245586504512,1,1,1,1,0.01400554729531097671671598248
com/google/javascript/jscomp/parsing/parser/TokenType.<init>(Ljava/lang/String;ILjava/lang/String;)V,0E+45,0,0,0E+30,0E+30,0,0,0E+41
com/google/javascript/jscomp/CodingConventions$DefaultCodingConvention.<init>()V,0.06401843996644799025906418218,0.015625,0.003481624758220502901353965184,0.9199475065616797900262467193,0.9281858040886760226092162490,0.25,0.2,0.02657365759823614261982328264
com/google/javascript/jscomp/CompilerOptions$NullAliasTransformationHandler$NullAliasTransformation.<init>()V,0E+47,0,0,0E+31,0E+33,0,0,0E+43
com/google/javascript/jscomp/parsing/parser/trees/ParseTreeType.values()[Lcom/google/javascript/jscomp/parsing/parser/trees/ParseTreeType;,0E+46,0,0,0E+31,0E+33,0,0,0E+46
com/google/javascript/jscomp/AbstractCompiler$ConfigContext.ordinal()I,0E+47,0,0,0E+31,0E+33,0,0,0E+43
com/google/javascript/jscomp/RuntimeTypeCheck$1.<init>()V,0E+47,0,0,0E+31,0E+33,0,0,0E+43
com/google/javascript/jscomp/RenameVars$2.<init>()V,0E+47,0,0,0E+31,0E+33,0,0,0E+43
java/util/Collections.unmodifiableCollection(Ljava/util/Collection;)Ljava/util/Collection;,0.1280368799328959805181283644,0.01639344262295081967213114754,0.0001961553550411926245586504512,1,1,1,1,0.01400554729531097671671598248
com/google/javascript/rhino/Node.extractLineno(I)I,0.1810714920850370556379957748,0.03278688524590163934426229508,0.001961553550411926245586504512,1,1,1,1,0.04428942933039356917468196966
com/google/javascript/rhino/Node.getString()Ljava/lang/String;,0.1280368799328959805181283644,0.01639344262295081967213114754,0.002353864260494311494703805414,1,1,1,1,0.04851663900657496745043072404
com/google/javascript/jscomp/Requirement$Type.values()[Lcom/google/javascript/jscomp/Requirement$Type;,0E+47,0,0,0E+31,0E+33,0,0,0E+43
com/google/javascript/jscomp/ProcessTweaks$TweakFunction.<init>(Ljava/lang/String;ILjava/lang/String;)V,0E+46,0,0,0E+31,0E+32,0,0,0E+42
com/google/javascript/rhino/JSDocInfo$LazilyInitializedInfo.<init>()V,0.1810714920850370556379957748,0.03278688524590163934426229508,0.0003923107100823852491173009023,1,1,1,1,0.01980683493348660274276222318
com/google/javascript/jscomp/JSError.getCharno()I,0E+47,0,0,0E+31,0E+32,0,0,0E+43
com/google/javascript/jscomp/JsMessage$Builder.<init>(Ljava/lang/String;)V,0.1280368799328959805181283644,0.01639344262295081967213114754,0.0003923107100823852491173009023,1,1,1,1,0.01980683493348660274276222318
java/util/Map.get(Ljava/lang/Object;)Ljava/lang/Object;,0.2560737598657919610362567287,0.06557377049180327868852459016,0.05766967438211063162024323264,1,1,1,1,0.2401451110935024357802482073
java/lang/String.toCharArray()[C,0E+47,0,0,0E+31,0E+33,0,0,0E+46
com/google/javascript/jscomp/DotFormatter.toDot(Lcom/google/javascript/rhino/Node;Lcom/google/javascript/jscomp/ControlFlowGraph;)Ljava/lang/String;,0.1280368799328959805181283644,0.01639344262295081967213114754,0.0001961553550411926245586504512,1,1,1,1,0.01400554729531097671671598248
java/util/regex/Pattern.compile(Ljava/lang/String;)Ljava/util/regex/Pattern;,0.06843859108291549368858594912,0.02739726027397260273972602740,0.0003910833007430582714118107157,0.8517618469015795868772782504,0.8659950648437474330287467923,0.1428571428571428571428571429,0.1111111111111111111111111111,0.006602278311162200604527935270
com/google/javascript/rhino/JSDocInfoBuilder.populateDefaults(Lcom/google/javascript/rhino/JSDocInfo;)V,0.1280368799328959805181283644,0.01639344262295081967213114754,0.0003923107100823852491173009023,1,1,1,1,0.01980683493348660274276222318
com/google/javascript/jscomp/DotFormatter.name(Lcom/google/javascript/rhino/Node;)Ljava/lang/String;,0.1280368799328959805181283644,0.01639344262295081967213114754,0.001765398195370733621027854060,1,1,1,1,0.04201664188593293015014794743
com/google/javascript/jscomp/CompilerOptions$ExtractPrototypeMemberDeclarationsMode.values()[Lcom/google/javascript/jscomp/CompilerOptions$ExtractPrototypeMemberDeclarationsMode;,0E+47,0,0,0E+31,0E+33,0,0,0E+43
java/lang/String.substring(II)Ljava/lang/String;,0.1280368799328959805181283644,0.01639344262295081967213114754,0.0009807767752059631227932522558,1,1,1,1,0.03131735581440366827087194262
com/google/javascript/jscomp/SourceFile.<init>(Ljava/lang/String;)V,0.04267895997763199350604278812,0.01990049751243781094527363184,0.004043273959130149710414162387,0.4962246342614440773949976405,0.3206359894818262298396874469,0.02777777777777777777777777778,0.009046454767726161369193154034,0.008102893941834260613520257325
com/google/javascript/jscomp/SourceMap$Format.<init>(Ljava/lang/String;ILcom/google/javascript/jscomp/SourceMap$1;)V,0E+49,0,0,0E+30,0E+32,0,0,0E+40
com/google/javascript/rhino/jstype/TernaryValue$3.<init>(Ljava/lang/String;I)V,0.04526787302125926390949894369,0.01470588235294117647058823529,0.0001958863858961802154750244858,0.8312252964426877470355731227,0.8807481395092381261090262626,0.125,0.125,0.004951708733371650685690555794
com/google/javascript/jscomp/regex/CharRanges.<init>([I)V,0E+45,0,0,0E+30,0E+30,0,0,0E+42
[Lcom/google/javascript/jscomp/parsing/parser/TokenType;.clone()Ljava/lang/Object;,0E+49,0,0,0E+30,0E+32,0,0,0E+44
com/google/javascript/jscomp/DotFormatter.<init>(Lcom/google/javascript/rhino/Node;Lcom/google/javascript/jscomp/ControlFlowGraph;Ljava/lang/Appendable;Z)V,0.1280368799328959805181283644,0.01639344262295081967213114754,0.0001961553550411926245586504512,1,1,1,1,0.01400554729531097671671598248
com/google/javascript/rhino/Node.toStringTree()Ljava/lang/String;,0.1280368799328959805181283644,0.01639344262295081967213114754,0.0007846214201647704982346018046,1,1,1,1,0.02801109459062195343343196496
java/util/AbstractSet.<init>()V,0E+49,0,0,0E+30,0E+32,0,0,0E+44
com/google/javascript/jscomp/PropertyRenamingPolicy.ordinal()I,0E+47,0,0,0E+31,0E+32,0,0,0E+44
com/google/javascript/jscomp/PhaseOptimizer$State.<init>(Ljava/lang/String;I)V,0E+47,0,0,0E+31,0E+33,0,0,0E+46
com/google/javascript/jscomp/DotFormatter.<init>()V,0.1280368799328959805181283644,0.01639344262295081967213114754,0.0003923107100823852491173009023,1,1,1,1,0.01980683493348660274276222318
com/google/javascript/jscomp/ProcessTweaks$TweakFunction.values()[Lcom/google/javascript/jscomp/ProcessTweaks$TweakFunction;,0E+47,0,0,0E+31,0E+33,0,0,0E+43
com/google/javascript/jscomp/ExtractPrototypeMemberDeclarations$Pattern.<init>(Ljava/lang/String;IIII)V,0E+47,0,0,0E+31,0E+33,0,0,0E+46
com/google/javascript/jscomp/parsing/parser/trees/ComprehensionTree$ComprehensionType.<init>(Ljava/lang/String;I)V,0E+47,0,0,0E+31,0E+33,0,0,0E+46
java/util/Arrays.fill([II)V,0.1478442541909145668872096540,0.03225806451612903225806451613,0.0003922337713277113159443028045,0.9857042418561049917975158190,0.9904213263588263588263588264,0.6666666666666666666666666667,0.6666666666666666666666666667,0.01617221300219165581681024135
com/google/javascript/jscomp/SourceMap$Format$2.<init>(Ljava/lang/String;I)V,0E+49,0,0,0E+30,0E+32,0,0,0E+44
com/google/javascript/rhino/jstype/FunctionType$Kind.<init>(Ljava/lang/String;I)V,0E+47,0,0,0E+31,0E+32,0,0,0E+44
java/util/ArrayDeque.<init>()V,0.1280368799328959805181283644,0.01639344262295081967213114754,0.0003923107100823852491173009023,1,1,1,1,0.01980683493348660274276222318
com/google/common/base/Predicates.alwaysTrue()Lcom/google/common/base/Predicate;,0.1280368799328959805181283644,0.01639344262295081967213114754,0.0001961553550411926245586504512,1,1,1,1,0.01400554729531097671671598248
com/google/javascript/jscomp/parsing/TypeTransformationParser$Keywords.values()[Lcom/google/javascript/jscomp/parsing/TypeTransformationParser$Keywords;,0E+46,0,0,0E+31,0E+33,0,0,0E+46
com/google/javascript/jscomp/graph/FixedPointGraphTraversal.newTraversal(Lcom/google/javascript/jscomp/graph/FixedPointGraphTraversal$EdgeCallback;)Lcom/google/javascript/jscomp/graph/FixedPointGraphTraversal;,0.1280368799328959805181283644,0.01639344262295081967213114754,0.0001961553550411926245586504512,1,1,1,1,0.01400554729531097671671598248
java/util/List.add(Ljava/lang/Object;)Z,0.2217663812863718503308144810,0.04918032786885245901639344262,0.03766182816790898391526088662,1,1,1,1,0.1940665560262998698017228962
com/google/javascript/rhino/Node$FileLevelJsDocBuilder.<init>(Lcom/google/javascript/rhino/Node;)V,0.1280368799328959805181283644,0.01639344262295081967213114754,0.0001961553550411926245586504512,1,1,1,1,0.01400554729531097671671598248
com/google/javascript/rhino/Node.getIntProp(I)I,0.1280368799328959805181283644,0.01639344262295081967213114754,0.003334641035700274617497057670,1,1,1,1,0.05774635084315090115564921379
[Lcom/google/javascript/rhino/jstype/TernaryValue;.clone()Ljava/lang/Object;,0E+46,0,0,0E+31,0E+33,0,0,0E+46
java/util/Set.iterator()Ljava/util/Iterator;,0.1280368799328959805181283644,0.01639344262295081967213114754,0.0003923107100823852491173009023,1,1,1,1,0.01980683493348660274276222318
com/google/javascript/jscomp/graph/LinkedDirectedGraph.<init>(ZZ)V,0.2560737598657919610362567287,0.06557377049180327868852459016,0.004119262455865045115731659474,1,1,1,1,0.06418148063004658916066426075
com/google/javascript/rhino/jstype/BooleanLiteralSet.<init>(Ljava/lang/String;I)V,0E+46,0,0,0E+31,0E+32,0,0,0E+45
com/google/javascript/rhino/JSDocInfo.setConstant(Z)V,0.1280368799328959805181283644,0.01639344262295081967213114754,0.0001961553550411926245586504512,1,1,1,1,0.01400554729531097671671598248
com/google/javascript/jscomp/parsing/TypeTransformationParser$OperationKind.<init>(Ljava/lang/String;I)V,0E+46,0,0,0E+30,0E+32,0,0,0E+39
com/google/javascript/jscomp/parsing/JsDocInfoParser$State.<init>(Ljava/lang/String;I)V,0E+47,0,0,0E+31,0E+32,0,0,0E+44
[Lcom/google/javascript/jscomp/parsing/TypeTransformationParser$OperationKind;.clone()Ljava/lang/Object;,0E+46,0,0,0E+31,0E+33,0,0,0E+46
com/google/javascript/jscomp/RenameVars$1.<init>()V,0E+47,0,0,0E+31,0E+33,0,0,0E+43
com/google/javascript/jscomp/CheckLevel.ordinal()I,0E+46,0,0,0E+30,0E+32,0,0,0E+45
com/google/javascript/rhino/Node.putIntProp(II)V,0.1280368799328959805181283644,0.01639344262295081967213114754,0.001569242840329540996469203609,1,1,1,1,0.03961366986697320548552444636
com/google/javascript/rhino/Node.getSortedPropTypes()[I,0.1810714920850370556379957748,0.03278688524590163934426229508,0.001765398195370733621027854060,1,1,1,1,0.04201664188593293015014794743
com/google/javascript/jscomp/CompilerInput.<init>(Lcom/google/javascript/jscomp/SourceAst;Lcom/google/javascript/rhino/InputId;Z)V,0E+47,0,0,0E+31,0E+32,0,0,0E+40
com/google/javascript/rhino/Node.getType()I,0.2560737598657919610362567287,0.06557377049180327868852459016,0.008826990976853668105139270302,1,1,1,1,0.09395206744321099366247481946
com/google/javascript/jscomp/graph/DiGraph.getNode(Ljava/lang/Object;)Lcom/google/javascript/jscomp/graph/GraphNode;,0.1280368799328959805181283644,0.01639344262295081967213114754,0.0001961553550411926245586504512,1,1,1,1,0.01400554729531097671671598248
java/lang/IllegalArgumentException.<init>()V,0E+47,0,0,0E+31,0E+33,0,0,0E+43
com/google/javascript/rhino/Node$ObjectPropListItem.<init>(ILjava/lang/Object;Lcom/google/javascript/rhino/Node$PropListItem;)V,0.1280368799328959805181283644,0.01639344262295081967213114754,0.0005884660651235778736759513535,1,1,1,1,0.02425831950328748372521536202
com/google/javascript/rhino/JSDocInfo.isConstructor()Z,0.1280368799328959805181283644,0.01639344262295081967213114754,0.0003923107100823852491173009023,1,1,1,1,0.01980683493348660274276222318
com/google/javascript/rhino/jstype/JSTypeNative.<init>(Ljava/lang/String;I)V,0E+47,0,0,0E+31,0E+31,0,0,0E+43
com/google/javascript/jscomp/CheckPathsBetweenNodes$4.<init>()V,0E+47,0,0,0E+31,0E+33,0,0,0E+43
com/google/javascript/jscomp/parsing/TypeTransformationParser$OperationKind.ordinal()I,0E+46,0,0,0E+31,0E+32,0,0,0E+45
com/google/javascript/jscomp/graph/LinkedDirectedGraph$AnnotatedLinkedDirectedGraphNode.<init>(Ljava/lang/Object;)V,0.2560737598657919610362567287,0.06557377049180327868852459016,0.01843860337387210670851314241,1,1,1,1,0.1357888190311415475568206586
com/google/javascript/jscomp/JSError.<init>(Ljava/lang/String;Lcom/google/javascript/rhino/Node;IILcom/google/javascript/jscomp/DiagnosticType;Lcom/google/javascript/jscomp/CheckLevel;[Ljava/lang/String;)V,0E+47,0,0,0E+31,0E+32,0,0,0E+41
com/google/javascript/jscomp/newtypes/ObjectType.<init>(Lcom/google/javascript/jscomp/newtypes/NominalType;Lcom/google/javascript/jscomp/newtypes/PersistentMap;Lcom/google/javascript/jscomp/newtypes/FunctionType;ZLcom/google/javascript/jscomp/newtypes/ObjectKind;)V,0E+47,0,0,0E+31,0E+33,0,0,0E+43
com/google/javascript/jscomp/FunctionInjector$CallSiteType$3.<init>(Ljava/lang/String;I)V,0E+45,0,0,0E+30,0E+32,0,0,0E+45
com/google/javascript/jscomp/CompilerOptions$NullAliasTransformationHandler$NullAliasTransformation.<init>(Lcom/google/javascript/jscomp/CompilerOptions$1;)V,0E+47,0,0,0E+31,0E+33,0,0,0E+43
java/lang/StringBuilder.<init>(Ljava/lang/String;)V,0.1280368799328959805181283644,0.01639344262295081967213114754,0.0003923107100823852491173009023,1,1,1,1,0.01980683493348660274276222318
com/google/javascript/jscomp/ErrorFormat$4.<init>(Ljava/lang/String;I)V,0.1358036190637777917284968311,0.04545454545454545454545454545,0.0005878894767783656672545561434,0.9538856970063501663138796492,0.9687691057966450986854599298,0.375,0.375,0.01485512620011495205707166738
com/google/javascript/jscomp/parsing/parser/trees/Comment$Type.<init>(Ljava/lang/String;I)V,0E+47,0,0,0E+31,0E+32,0,0,0E+42
com/google/javascript/rhino/jstype/TernaryValue.values()[Lcom/google/javascript/rhino/jstype/TernaryValue;,0E+46,0,0,0E+31,0E+33,0,0,0E+46
com/google/javascript/jscomp/AbstractMessageFormatter$Color.<init>(Ljava/lang/String;ILjava/lang/String;)V,0E+47,0,0,0E+31,0E+32,0,0,0E+40
com/google/javascript/jscomp/newtypes/JSType.<init>()V,0E+45,0,0,0E+30,0E+31,0,0,0E+42
com/google/javascript/jscomp/FunctionInjector$CallSiteType$1.<init>(Ljava/lang/String;I)V,0E+45,0,0,0E+30,0E+32,0,0,0E+45
com/google/javascript/jscomp/NodeUtil$ValueType.values()[Lcom/google/javascript/jscomp/NodeUtil$ValueType;,0E+46,0,0,0E+31,0E+33,0,0,0E+46
com/google/javascript/rhino/Node.newString(Ljava/lang/String;)Lcom/google/javascript/rhino/Node;,0.1280368799328959805181283644,0.01639344262295081967213114754,0.0005884660651235778736759513535,1,1,1,1,0.02425831950328748372521536202
com/google/javascript/jscomp/SourceFile.setCode(Ljava/lang/String;)V,0.04267895997763199350604278812,0.01990049751243781094527363184,0.004043273959130149710414162387,0.4962246342614440773949976405,0.3206359894818262298396874469,0.02777777777777777777777777778,0.009046454767726161369193154034,0.008102893941834260613520257325
com/google/javascript/jscomp/VariableVisibilityAnalysis$VariableVisibility.ordinal()I,0E+47,0,0,0E+31,0E+32,0,0,0E+42
com/google/javascript/jscomp/graph/Graph.getNode(Ljava/lang/Object;)Lcom/google/javascript/jscomp/graph/GraphNode;,0.2217663812863718503308144810,0.04918032786885245901639344262,0.03805413887799136916437818752,1,1,1,1,0.1950747007635571709524553335
com/google/javascript/jscomp/CompilerOptions$LanguageMode.<init>(Ljava/lang/String;I)V,0.03257983924495379625957338124,0.01522842639593908629441624365,0.003471074380165289256198347107,0.4319753509072235535775419376,0.5328031956507236776937191420,0.02158273381294964028776978417,0.02158273381294964028776978417,0.009428941886055534087064969000
com/google/javascript/jscomp/regex/CharRanges.intArrayToRanges([I)[I,0E+48,0,0,0E+30,0E+31,0,0,0E+42
com/google/javascript/jscomp/graph/FixedPointGraphTraversal.computeFixedPoint(Lcom/google/javascript/jscomp/graph/DiGraph;Ljava/lang/Object;)V,0.1280368799328959805181283644,0.01639344262295081967213114754,0.0001961553550411926245586504512,1,1,1,1,0.01400554729531097671671598248
[Lcom/google/javascript/jscomp/ControlFlowGraph$Branch;.clone()Ljava/lang/Object;,0E+46,0,0,0E+31,0E+33,0,0,0E+46
java/util/Arrays.binarySearch([II)I,0E+47,0,0,0E+31,0E+28,0,0,0E+38
com/google/javascript/rhino/JSDocInfo.isConstant()Z,0.1280368799328959805181283644,0.01639344262295081967213114754,0.0005884660651235778736759513535,1,1,1,1,0.02425831950328748372521536202
com/google/javascript/rhino/IR.mayBeExpression(Lcom/google/javascript/rhino/Node;)Z,0.1810714920850370556379957748,0.03278688524590163934426229508,0.001569242840329540996469203609,1,1,1,1,0.03961366986697320548552444636
[Lcom/google/javascript/jscomp/ProcessTweaks$TweakFunction;.clone()Ljava/lang/Object;,0E+47,0,0,0E+31,0E+33,0,0,0E+43
java/util/Map.values()Ljava/util/Collection;,0.1280368799328959805181283644,0.01639344262295081967213114754,0.0001961553550411926245586504512,1,1,1,1,0.01400554729531097671671598248
com/google/javascript/rhino/jstype/TernaryValue.<init>(Ljava/lang/String;ILcom/google/javascript/rhino/jstype/TernaryValue$1;)V,0.04526787302125926390949894369,0.01470588235294117647058823529,0.0005860519632740769681578433288,0.8312252964426877470355731227,0.8807481395092381261090262625,0.125,0.125,0.008576611110482229849294578833
com/google/javascript/jscomp/PropertyRenamingPolicy.<init>(Ljava/lang/String;I)V,0E+46,0,0,0E+31,0E+32,0,0,0E+45
com/google/javascript/jscomp/TypeMatchingStrategy.<init>(Ljava/lang/String;IZZZ)V,0E+47,0,0,0E+31,0E+32,0,0,0E+44
com/google/javascript/rhino/JSDocInfo.isInterface()Z,0.1280368799328959805181283644,0.01639344262295081967213114754,0.0003923107100823852491173009023,1,1,1,1,0.01980683493348660274276222318
com/google/javascript/rhino/InputId.<init>(Ljava/lang/String;)V,0E+47,0,0,0E+31,0E+32,0,0,0E+40
com/google/common/collect/Lists.newLinkedList()Ljava/util/LinkedList;,0.1810714920850370556379957748,0.03278688524590163934426229508,0.001373087485288348371910553158,1,1,1,1,0.03705519511874614733059190911
com/google/javascript/jscomp/parsing/parser/Parser$PatternKind.<init>(Ljava/lang/String;I)V,0E+47,0,0,0E+31,0E+33,0,0,0E+46
com/google/javascript/jscomp/graph/Graph.<init>()V,0.2862991671569341373027453101,0.08196721311475409836065573770,0.006865437426441741859552765791,1,1,1,1,0.08285793520503477518139389769
com/google/javascript/jscomp/WarningLevel.<init>(Ljava/lang/String;I)V,0E+46,0,0,0E+31,0E+32,0,0,0E+40
com/google/javascript/rhino/jstype/TernaryValue.<init>(Ljava/lang/String;I)V,0.04526787302125926390949894369,0.01470588235294117647058823529,0.0005860519632740769681578433288,0.8312252964426877470355731227,0.8807481395092381261090262625,0.125,0.125,0.008576611110482229849294578833
com/google/javascript/jscomp/parsing/parser/Keywords.<init>(Ljava/lang/String;ILjava/lang/String;Lcom/google/javascript/jscomp/parsing/parser/TokenType;)V,0E+47,0,0,0E+31,0E+31,0,0,0E+44
com/google/javascript/rhino/Node.removeProp(Lcom/google/javascript/rhino/Node$PropListItem;I)Lcom/google/javascript/rhino/Node$PropListItem;,0.1280368799328959805181283644,0.01639344262295081967213114754,0.003334641035700274617497057670,1,1,1,1,0.05774635084315090115564921379
java/util/concurrent/CopyOnWriteArrayList.<init>()V,0E+47,0,0,0E+31,0E+33,0,0,0E+43
com/google/javascript/rhino/StaticSourceFile.getName()Ljava/lang/String;,0.1280368799328959805181283644,0.01639344262295081967213114754,0.001176932130247155747351902707,1,1,1,1,0.03430644444192891939717831533
com/google/javascript/jscomp/DotFormatter.formatNodeName(Ljava/lang/Integer;)Ljava/lang/String;,0.1280368799328959805181283644,0.01639344262295081967213114754,0.001765398195370733621027854060,1,1,1,1,0.04201664188593293015014794743
com/google/javascript/rhino/Node.setJSDocInfo(Lcom/google/javascript/rhino/JSDocInfo;)Lcom/google/javascript/rhino/Node;,0.1280368799328959805181283644,0.01639344262295081967213114754,0.0003923107100823852491173009023,1,1,1,1,0.01980683493348660274276222318
com/google/javascript/jscomp/ErrorFormat.<init>(Ljava/lang/String;I)V,0.1358036190637777917284968311,0.04545454545454545454545454545,0.002344665885111371629542790152,0.9538856970063501663138796492,0.9687691057966450986854599298,0.375,0.375,0.02971025240022990411414333477
com/google/common/base/Preconditions.checkNotNull(Ljava/lang/Object;)Ljava/lang/Object;,0.1810714920850370556379957748,0.03278688524590163934426229508,0.0007846214201647704982346018046,1,1,1,1,0.02801109459062195343343196496
com/google/javascript/jscomp/GlobalNamespace$Ref$Type.<init>(Ljava/lang/String;I)V,0.05725983343138682746054906201,0.01538461538461538461538461538,0.001365587202497073741708934842,0.8960374946740519812526629740,0.9281858040886760226092162491,0.2,0.2,0.01657158704100695503627877954
com/google/javascript/jscomp/CompilerOptions$ExtractPrototypeMemberDeclarationsMode.ordinal()I,0E+47,0,0,0E+31,0E+33,0,0,0E+46
com/google/debugging/sourcemap/SourceMapFormat.<init>(Ljava/lang/String;I)V,0E+46,0,0,0E+31,0E+32,0,0,0E+42
java/util/Arrays.sort([I)V,0.06210700940445369159653689345,0.02631578947368421052631578947,0.001719197707736389684813753582,0.8213239601640304628002343291,0.7725362018412026993710781950,0.1176470588235294117647058824,0.06164383561643835616438356164,0.01043196607322849921723127616
com/google/javascript/jscomp/CheckLevel.<init>(Ljava/lang/String;I)V,0.04094633178244605826559519313,0.02054794520547945205479452055,0.001681300205492247337941341304,0.5488950756916652166347659648,0.6459777176661473392161396187,0.03409090909090909090909090909,0.03409090909090909090909090909,0.007757836643526250425287228913
com/google/javascript/jscomp/JsMessage$Hash.hash64([BJ)J,0.1280368799328959805181283644,0.01639344262295081967213114754,0.0003923107100823852491173009023,1,1,1,1,0.01980683493348660274276222318
com/google/javascript/jscomp/VariableVisibilityAnalysis$VariableVisibility.<init>(Ljava/lang/String;I)V,0E+46,0,0,0E+31,0E+32,0,0,0E+45
com/google/javascript/rhino/JSDocInfo.setAssociatedNode(Lcom/google/javascript/rhino/Node;)V,0.1280368799328959805181283644,0.01639344262295081967213114754,0.0003923107100823852491173009023,1,1,1,1,0.01980683493348660274276222318
com/google/javascript/rhino/IR.block()Lcom/google/javascript/rhino/Node;,0.1280368799328959805181283644,0.01639344262295081967213114754,0.0001961553550411926245586504512,1,1,1,1,0.01400554729531097671671598248
com/google/javascript/rhino/Node.<init>(I)V,0.2862991671569341373027453101,0.08196721311475409836065573770,0.01804629266378972145939584151,1,1,1,1,0.1343364904401991575761724075
java/lang/StringBuilder.append(I)Ljava/lang/StringBuilder;,0E+47,0,0,0E+31,0E+32,0,0,0E+40
com/google/debugging/sourcemap/Base64VLQ.toVLQSigned(I)I,0.1280368799328959805181283644,0.01639344262295081967213114754,0.0009807767752059631227932522558,1,1,1,1,0.03131735581440366827087194262
com/google/javascript/rhino/IR.script()Lcom/google/javascript/rhino/Node;,0.1280368799328959805181283644,0.01639344262295081967213114754,0.0003923107100823852491173009023,1,1,1,1,0.01980683493348660274276222318
com/google/javascript/rhino/jstype/TernaryValue.ordinal()I,0E+46,0,0,0E+31,0E+32,0,0,0E+40
java/util/ArrayList.<init>()V,0.2862991671569341373027453101,0.08196721311475409836065573770,0.03923107100823852491173009023,1,1,1,1,0.1980683493348660330026927360
com/google/javascript/jscomp/graph/GraphReachability$1.<init>()V,0.09053574604251852781899788739,0.01612903225806451612903225806,0.0001961168856638556579721514022,0.9718114602587800369685767097,0.9810244136662932096582682265,0.5,0.5,0.009903417466743301371381111589
com/google/javascript/jscomp/graph/Graph.isConnected(Ljava/lang/Object;Ljava/lang/Object;Ljava/lang/Object;)Z,0.1280368799328959805181283644,0.01639344262295081967213114754,0.0001961553550411926245586504512,1,1,1,1,0.01400554729531097671671598248
com/google/javascript/rhino/Node.getJSDocInfo()Lcom/google/javascript/rhino/JSDocInfo;,0.1810714920850370556379957748,0.03278688524590163934426229508,0.002550019615535504119262455865,1,1,1,1,0.05049771891417972276605498422
com/google/javascript/jscomp/newtypes/MaskType.<init>(I)V,0E+46,0,0,0E+30,0E+31,0,0,0E+44
com/google/javascript/rhino/Node.toStringTreeImpl()Ljava/lang/String;,0.1810714920850370556379957748,0.03278688524590163934426229508,0.001765398195370733621027854060,1,1,1,1,0.04201664188593293015014794743
com/google/javascript/jscomp/SideEffectsAnalysis$DegenerateLocationAbstraction$DegenerateEffectLocation.<init>(Lcom/google/javascript/jscomp/SideEffectsAnalysis$1;)V,0E+47,0,0,0E+31,0E+33,0,0,0E+46
com/google/javascript/rhino/JSDocInfo.isDefine()Z,0.1280368799328959805181283644,0.01639344262295081967213114754,0.0003923107100823852491173009023,1,1,1,1,0.01980683493348660274276222318
com/google/javascript/rhino/JSDocInfo.getVisibility()Lcom/google/javascript/rhino/JSDocInfo$Visibility;,0.1280368799328959805181283644,0.01639344262295081967213114754,0.001176932130247155747351902707,1,1,1,1,0.03430644444192891939717831533
com/google/javascript/jscomp/ErrorFormat.toFormatter(Lcom/google/javascript/jscomp/SourceExcerptProvider;Z)Lcom/google/javascript/jscomp/MessageFormatter;,0.2217663812863718503308144810,0.04918032786885245901639344262,0.005492349941153393487642212632,1,1,1,1,0.07411039023749229466118381821
com/google/javascript/jscomp/DotFormatter.key(Lcom/google/javascript/rhino/Node;)I,0.1280368799328959805181283644,0.01639344262295081967213114754,0.0001961553550411926245586504512,1,1,1,1,0.01400554729531097671671598248
com/google/javascript/rhino/Node.getFirstChild()Lcom/google/javascript/rhino/Node;,0.2217663812863718503308144810,0.04918032786885245901639344262,0.001961553550411926245586504512,1,1,1,1,0.04428942933039356917468196966
com/google/javascript/jscomp/graph/DiGraph$DiGraphNode.getOutEdges()Ljava/util/List;,0.1280368799328959805181283644,0.01639344262295081967213114754,0.0001961553550411926245586504512,1,1,1,1,0.01400554729531097671671598248
com/google/javascript/jscomp/DiagnosticType.warning(Ljava/lang/String;Ljava/lang/String;)Lcom/google/javascript/jscomp/DiagnosticType;,0.03735219680565763394294618358,0.01886792452830188679245283019,0.001714612307106115450562011812,0.6050927924039706517047906776,0.7549869265547692214655944796,0.04255319148936170212765957447,0.05625,0.009965121599338553064303443173
com/google/javascript/rhino/JSDocInfoBuilder.<init>(Lcom/google/javascript/rhino/JSDocInfo;ZZ)V,0.1280368799328959805181283644,0.01639344262295081967213114754,0.0007846214201647704982346018046,1,1,1,1,0.02801109459062195343343196496
com/google/javascript/rhino/Node.isName()Z,0.1810714920850370556379957748,0.03278688524590163934426229508,0.001373087485288348371910553158,1,1,1,1,0.03705519511874614733059190911
com/google/javascript/jscomp/newtypes/EnumType$State.<init>(Ljava/lang/String;I)V,0E+47,0,0,0E+31,0E+32,0,0,0E+44
com/google/javascript/jscomp/newtypes/ObjectKind.<init>(I)V,0E+46,0,0,0E+31,0E+32,0,0,0E+45
com/google/javascript/jscomp/CssRenamingMap$Style.<init>(Ljava/lang/String;I)V,0E+46,0,0,0E+31,0E+32,0,0,0E+42
java/lang/String.startsWith(Ljava/lang/String;)Z,0.1810714920850370556379957748,0.03278688524590163934426229508,0.001176932130247155747351902707,1,1,1,1,0.03430644444192891939717831533
com/google/javascript/jscomp/ProcessTweaks$TweakFunction.<init>(Ljava/lang/String;ILjava/lang/String;Ljava/lang/String;IILcom/google/javascript/jscomp/ProcessTweaks$TweakFunction;)V,0E+46,0,0,0E+31,0E+32,0,0,0E+41
java/lang/IllegalArgumentException.<init>(Ljava/lang/String;)V,0E+47,0,0,0E+31,0E+32,0,0,0E+44
com/google/javascript/rhino/jstype/BooleanLiteralSet.ordinal()I,0E+47,0,0,0E+31,0E+31,0,0,0E+42
com/google/javascript/jscomp/FunctionInjector$InliningMode.<init>(Ljava/lang/String;I)V,0.09053574604251852781899788739,0.01612903225806451612903225806,0.0003921568627450980392156862745,0.9718114602587800369685767097,0.9810244136662932096582682265,0.5,0.5,0.01400554729531097671671598248
java/lang/ThreadLocal.<init>()V,0E+47,0,0,0E+31,0E+33,0,0,0E+43
com/google/javascript/jscomp/CssRenamingMap$Style.values()[Lcom/google/javascript/jscomp/CssRenamingMap$Style;,0E+47,0,0,0E+31,0E+33,0,0,0E+43
com/google/javascript/jscomp/ClosureCodingConvention.<init>()V,0E+46,0,0,0E+31,0E+31,0,0,0E+42
com/google/javascript/jscomp/AbstractCompiler$ConfigContext.values()[Lcom/google/javascript/jscomp/AbstractCompiler$ConfigContext;,0E+47,0,0,0E+31,0E+33,0,0,0E+43
com/google/javascript/jscomp/ConformanceRules$ConformanceResult.<init>(Ljava/lang/String;I)V,0E+47,0,0,0E+31,0E+32,0,0,0E+44
com/google/javascript/jscomp/newtypes/Property$Attribute.<init>(Ljava/lang/String;I)V,0E+46,0,0,0E+31,0E+32,0,0,0E+40
com/google/javascript/jscomp/FunctionInjector$CallSiteType$5.<init>(Ljava/lang/String;I)V,0E+45,0,0,0E+30,0E+32,0,0,0E+45
com/google/javascript/jscomp/NodeNameExtractor.<init>(C)V,0E+47,0,0,0E+31,0E+33,0,0,0E+43
com/google/javascript/jscomp/deps/ClosureBundler$Mode.<init>(Ljava/lang/String;I)V,0E+47,0,0,0E+31,0E+33,0,0,0E+46
java/lang/StringBuilder.append(C)Ljava/lang/StringBuilder;,0E+47,0,0,0E+31,0E+31,0,0,0E+43
com/google/javascript/jscomp/LightweightMessageFormatter.withoutSource()Lcom/google/javascript/jscomp/LightweightMessageFormatter;,0.2217663812863718503308144810,0.04918032786885245901639344262,0.005492349941153393487642212632,1,1,1,1,0.07411039023749229466118381821
com/google/javascript/rhino/jstype/BooleanLiteralSet.fromOrdinal(I)Lcom/google/javascript/rhino/jstype/BooleanLiteralSet;,0E+47,0,0,0E+31,0E+31,0,0,0E+44
com/google/common/base/Splitter.on(C)Lcom/google/common/base/Splitter;,0E+47,0,0,0E+31,0E+33,0,0,0E+43
com/google/javascript/jscomp/graph/UndiGraph.<init>()V,0.1810714920850370556379957748,0.03278688524590163934426229508,0.002746174970576696743821106316,1,1,1,1,0.05240395949331211839333690185
com/google/javascript/jscomp/newtypes/PersistentMap.create()Lcom/google/javascript/jscomp/newtypes/PersistentMap;,0E+47,0,0,0E+31,0E+33,0,0,0E+43
com/google/common/collect/Sets.newTreeSet(Ljava/util/Comparator;)Ljava/util/TreeSet;,0.1280368799328959805181283644,0.01639344262295081967213114754,0.005688505296194586112200863084,1,1,1,1,0.07542218039936651770977202944
com/google/javascript/jscomp/newtypes/PersistentMap.<init>()V,0E+46,0,0,0E+30,0E+32,0,0,0E+42
com/google/javascript/rhino/jstype/TernaryValue$2.<init>(Ljava/lang/String;I)V,0.04526787302125926390949894369,0.01470588235294117647058823529,0.0001958863858961802154750244858,0.8312252964426877470355731227,0.8807481395092381261090262626,0.125,0.125,0.004951708733371650685690555794
com/google/javascript/jscomp/parsing/TypeTransformationParser$Keywords.<init>(Ljava/lang/String;ILjava/lang/String;IILcom/google/javascript/jscomp/parsing/TypeTransformationParser$OperationKind;)V,0E+49,0,0,0E+30,0E+31,0,0,0E+42
java/util/Objects.hash([Ljava/lang/Object;)I,0.1280368799328959805181283644,0.01639344262295081967213114754,0.0001961553550411926245586504512,1,1,1,1,0.01400554729531097671671598248
com/google/javascript/rhino/JSDocInfo.makesDicts()Z,0.1280368799328959805181283644,0.01639344262295081967213114754,0.0003923107100823852491173009023,1,1,1,1,0.01980683493348660274276222318
com/google/javascript/jscomp/DeadAssignmentsElimination$VariableLiveness.<init>(Ljava/lang/String;I)V,0E+47,0,0,0E+31,0E+32,0,0,0E+44
com/google/javascript/rhino/Node.getJSType()Lcom/google/javascript/rhino/jstype/JSType;,0.1280368799328959805181283644,0.01639344262295081967213114754,0.0001961553550411926245586504512,1,1,1,1,0.01400554729531097671671598248
com/google/javascript/jscomp/parsing/JsDocToken.<init>(Ljava/lang/String;I)V,0.09053574604251852781899788739,0.01612903225806451612903225806,0.004102363742918538777104903301,0.9718114602587800369685767097,0.9810244136662932096582682264,0.5,0.5,0.04538316018009898968132160057
java/lang/Object.clone()Ljava/lang/Object;,0.1280368799328959805181283644,0.01639344262295081967213114754,0.0003923107100823852491173009023,1,1,1,1,0.01980683493348660274276222318
[Lcom/google/javascript/jscomp/CheckLevel;.clone()Ljava/lang/Object;,0E+45,0,0,0E+30,0E+32,0,0,0E+40
com/google/javascript/rhino/Node$PropListItem.getIntValue()I,0.1280368799328959805181283644,0.01639344262295081967213114754,0.001961553550411926245586504512,1,1,1,1,0.04428942933039356917468196966
com/google/common/base/Preconditions.checkState(ZLjava/lang/Object;)V,0.1280368799328959805181283644,0.01639344262295081967213114754,0.0005884660651235778736759513535,1,1,1,1,0.02425831950328748372521536202
com/google/javascript/jscomp/SourceExcerptProvider$SourceExcerpt$1.<init>(Ljava/lang/String;I)V,0E+49,0,0,0E+30,0E+32,0,0,0E+44
com/google/javascript/jscomp/CompilerOptions$LanguageMode.values()[Lcom/google/javascript/jscomp/CompilerOptions$LanguageMode;,0E+46,0,0,0E+31,0E+33,0,0,0E+46
com/google/javascript/rhino/IR.mayBeStatementNoReturn(Lcom/google/javascript/rhino/Node;)Z,0.1280368799328959805181283644,0.01639344262295081967213114754,0.0005884660651235778736759513535,1,1,1,1,0.02425831950328748372521536202
[Lcom/google/javascript/jscomp/CompilerOptions$Reach;.clone()Ljava/lang/Object;,0E+47,0,0,0E+31,0E+33,0,0,0E+43
com/google/javascript/jscomp/VariableVisibilityAnalysis$VariableVisibility.values()[Lcom/google/javascript/jscomp/VariableVisibilityAnalysis$VariableVisibility;,0E+47,0,0,0E+31,0E+33,0,0,0E+43
com/google/javascript/jscomp/CompilerOptions$Reach.values()[Lcom/google/javascript/jscomp/CompilerOptions$Reach;,0E+47,0,0,0E+31,0E+33,0,0,0E+43
com/google/javascript/jscomp/graph/LinkedDirectedGraph$LinkedDirectedGraphEdge.<init>(Lcom/google/javascript/jscomp/graph/DiGraph$DiGraphNode;Ljava/lang/Object;Lcom/google/javascript/jscomp/graph/DiGraph$DiGraphNode;)V,0.2217663812863718503308144810,0.04918032786885245901639344262,0.01883091408395449195763044331,1,1,1,1,0.1372257777677156775887132613
com/google/javascript/jscomp/regex/CharRanges.difference(Lcom/google/javascript/jscomp/regex/CharRanges;)Lcom/google/javascript/jscomp/regex/CharRanges;,0E+48,0,0,0E+30,0E+32,0,0,0E+44
com/google/javascript/rhino/IR.declaration(Lcom/google/javascript/rhino/Node;I)Lcom/google/javascript/rhino/Node;,0.1280368799328959805181283644,0.01639344262295081967213114754,0.0001961553550411926245586504512,1,1,1,1,0.01400554729531097671671598248
[Lcom/google/javascript/jscomp/CompilerOptions$LanguageMode;.clone()Ljava/lang/Object;,0E+46,0,0,0E+31,0E+33,0,0,0E+46
com/google/javascript/jscomp/CommandLineRunner$FormattingOption.<init>(Ljava/lang/String;I)V,0E+46,0,0,0E+31,0E+32,0,0,0E+40
java/util/HashMap.put(Ljava/lang/Object;Ljava/lang/Object;)Ljava/lang/Object;,0.1280368799328959805181283644,0.01639344262295081967213114754,0.001765398195370733621027854060,1,1,1,1,0.04201664188593293015014794743
com/google/javascript/jscomp/WarningsGuard$Priority.<init>(Ljava/lang/String;II)V,0E+47,0,0,0E+31,0E+32,0,0,0E+44
com/google/javascript/jscomp/AnonymousFunctionNamingPolicy.<init>(Ljava/lang/String;I[C)V,0E+47,0,0,0E+31,0E+32,0,0,0E+44
com/google/javascript/jscomp/JsMessage$Hash.mix64(JJJ)J,0.1280368799328959805181283644,0.01639344262295081967213114754,0.0003923107100823852491173009023,1,1,1,1,0.01980683493348660274276222318
com/google/javascript/jscomp/CheckLevelLegacy.<init>(Ljava/lang/String;I)V,0E+47,0,0,0E+31,0E+32,0,0,0E+42
com/google/javascript/jscomp/parsing/parser/Parser$Expression.<init>(Ljava/lang/String;I)V,0E+47,0,0,0E+31,0E+33,0,0,0E+46
com/google/javascript/jscomp/regex/CaseCanonicalize$DeltaSet.<init>(ILcom/google/javascript/jscomp/regex/CharRanges;)V,0E+47,0,0,0E+31,0E+31,0,0,0E+43
com/google/javascript/jscomp/parsing/parser/TokenType.ordinal()I,0E+49,0,0,0E+30,0E+31,0,0,0E+42
com/google/javascript/jscomp/SourceMap$Format.<init>(Ljava/lang/String;I)V,0E+49,0,0,0E+30,0E+32,0,0,0E+40
com/google/javascript/jscomp/CompilerOptions$ExtractPrototypeMemberDeclarationsMode.<init>(Ljava/lang/String;I)V,0E+46,0,0,0E+31,0E+32,0,0,0E+40
com/google/javascript/rhino/Node.appendStringTree(Ljava/lang/Appendable;)V,0.1810714920850370556379957748,0.03278688524590163934426229508,0.001765398195370733621027854060,1,1,1,1,0.04201664188593293015014794743
com/google/javascript/jscomp/JsMessage$Style.<init>(Ljava/lang/String;I)V,0.09053574604251852781899788739,0.01612903225806451612903225806,0.0005881199764752009409919623603,0.9718114602587800369685767097,0.9810244136662932096582682265,0.5,0.5,0.01715322222096445969858915767
com/google/javascript/rhino/Node$PropListItem.getObjectValue()Ljava/lang/Object;,0.1280368799328959805181283644,0.01639344262295081967213114754,0.0005884660651235778736759513535,1,1,1,1,0.02425831950328748372521536202
com/google/javascript/jscomp/ExpressionDecomposer$DecompositionType.<init>(Ljava/lang/String;I)V,0.09053574604251852781899788739,0.01612903225806451612903225806,0.0005881199764752009409919623603,0.9718114602587800369685767097,0.9810244136662932096582682265,0.5,0.5,0.01715322222096445969858915767
com/google/javascript/jscomp/SourceExcerptProvider$SourceExcerpt.<init>(Ljava/lang/String;ILcom/google/javascript/jscomp/SourceExcerptProvider$1;)V,0E+49,0,0,0E+30,0E+32,0,0,0E+40
com/google/javascript/rhino/Node.isBlock()Z,0.1280368799328959805181283644,0.01639344262295081967213114754,0.0001961553550411926245586504512,1,1,1,1,0.01400554729531097671671598248
java/lang/Integer.intValue()I,0.1280368799328959805181283644,0.01639344262295081967213114754,0.002353864260494311494703805414,1,1,1,1,0.04851663900657496745043072404
com/google/javascript/jscomp/CompilerOptions$LanguageMode.ordinal()I,0E+46,0,0,0E+31,0E+32,0,0,0E+45
com/google/javascript/jscomp/graph/LinkedDirectedGraph.createDirectedGraphNode(Ljava/lang/Object;)Lcom/google/javascript/jscomp/graph/LinkedDirectedGraph$LinkedDirectedGraphNode;,0.2560737598657919610362567287,0.06557377049180327868852459016,0.01765398195370733621027854060,1,1,1,1,0.1328682879911807130991164132
com/google/javascript/jscomp/CodeGenerator.<init>(Lcom/google/javascript/jscomp/CodeConsumer;)V,0E+47,0,0,0E+31,0E+33,0,0,0E+43
com/google/javascript/rhino/Node$AbstractPropListItem.<init>(ILcom/google/javascript/rhino/Node$PropListItem;)V,0.1280368799328959805181283644,0.01639344262295081967213114754,0.002550019615535504119262455865,1,1,1,1,0.05049771891417972276605498422
com/google/javascript/jscomp/DiagnosticType.<init>(Ljava/lang/String;Lcom/google/javascript/jscomp/CheckLevel;Ljava/text/MessageFormat;)V,0.04267895997763198919187924374,0.02158273381294964028776978417,0.002757859900717043574186431329,0.5700731905665492003252914069,0.6945783832112614094893007790,0.03703703703703703703703703704,0.04213483146067415730337078652,0.01113438783101883382755674399
com/google/javascript/jscomp/SourceExcerptProvider$SourceExcerpt$2.<init>(Ljava/lang/String;I)V,0E+49,0,0,0E+30,0E+32,0,0,0E+44
com/google/javascript/jscomp/GlobalNamespace$Ref.<init>(Lcom/google/javascript/jscomp/GlobalNamespace$Ref$Type;I)V,0.1280368799328959805181283644,0.01639344262295081967213114754,0.0007846214201647704982346018046,1,1,1,1,0.02801109459062195343343196496
com/google/javascript/rhino/Node.putProp(ILjava/lang/Object;)V,0.1280368799328959805181283644,0.01639344262295081967213114754,0.0005884660651235778736759513535,1,1,1,1,0.02425831950328748372521536202
com/google/javascript/jscomp/regex/RegExpTree$RegExpTreeAtom.<init>()V,0E+48,0,0,0E+30,0E+32,0,0,0E+43
com/google/javascript/jscomp/CommandLineRunner$FormattingOption.ordinal()I,0E+47,0,0,0E+31,0E+32,0,0,0E+44
com/google/javascript/rhino/Node.checkTreeEqualsImpl(Lcom/google/javascript/rhino/Node;Z)Lcom/google/javascript/rhino/Node$NodeMismatch;,0.1280368799328959805181283644,0.01639344262295081967213114754,0.0005884660651235778736759513535,1,1,1,1,0.02425831950328748372521536202
[Lcom/google/javascript/jscomp/VariableVisibilityAnalysis$VariableVisibility;.clone()Ljava/lang/Object;,0E+47,0,0,0E+31,0E+33,0,0,0E+43
com/google/javascript/jscomp/AbstractCompiler$LifeCycleStage.<init>(Ljava/lang/String;I)V,0E+47,0,0,0E+31,0E+32,0,0,0E+44
com/google/javascript/rhino/Node.toStringTreeHelper(Lcom/google/javascript/rhino/Node;ILjava/lang/Appendable;)V,0.1810714920850370556379957748,0.03278688524590163934426229508,0.001765398195370733621027854060,1,1,1,1,0.04201664188593293015014794743
com/google/javascript/jscomp/graph/GraphReachability.<init>(Lcom/google/javascript/jscomp/graph/DiGraph;Lcom/google/common/base/Predicate;)V,0.1280368799328959805181283644,0.01639344262295081967213114754,0.0001961553550411926245586504512,1,1,1,1,0.01400554729531097671671598248
com/google/javascript/rhino/Node$PropListItem.getType()I,0.1280368799328959805181283644,0.01639344262295081967213114754,0.003726951745782659866614358572,1,1,1,1,0.06104876530923995236333238455
java/util/Map.put(Ljava/lang/Object;Ljava/lang/Object;)Ljava/lang/Object;,0.2560737598657919610362567287,0.06557377049180327868852459016,0.01843860337387210670851314241,1,1,1,1,0.1357888190311415475568206586
com/google/javascript/jscomp/CoalesceVariableNames$1.<init>()V,0E+47,0,0,0E+31,0E+33,0,0,0E+43
com/google/javascript/rhino/Node.toString(ZZZ)Ljava/lang/String;,0.1810714920850370556379957748,0.03278688524590163934426229508,0.001765398195370733621027854060,1,1,1,1,0.04201664188593293015014794743
java/util/logging/Logger.getLogger(Ljava/lang/String;)Ljava/util/logging/Logger;,0E+46,0,0,0E+30,0E+32,0,0,0E+43
java/lang/String.lastIndexOf(II)I,0.1280368799328959805181283644,0.01639344262295081967213114754,0.001373087485288348371910553158,1,1,1,1,0.03705519511874614733059190911
com/google/javascript/jscomp/parsing/JsDocInfoParser$WhitespaceOption.<init>(Ljava/lang/String;I)V,0E+47,0,0,0E+31,0E+32,0,0,0E+44
com/google/javascript/jscomp/RenamePrototypes$1.<init>()V,0E+47,0,0,0E+31,0E+33,0,0,0E+43
com/google/debugging/sourcemap/Base64VLQ$CharIterator.next()C,0.1280368799328959805181283644,0.01639344262295081967213114754,0.001373087485288348371910553158,1,1,1,1,0.03705519511874614733059190911
java/lang/Appendable.append(Ljava/lang/CharSequence;)Ljava/lang/Appendable;,0.2217663812863718503308144810,0.04918032786885245901639344262,0.01314240878775990584542958023,1,1,1,1,0.1146403453752643976305547127
com/google/javascript/rhino/Node.toString(Ljava/lang/StringBuilder;ZZZ)V,0.1810714920850370556379957748,0.03278688524590163934426229508,0.001765398195370733621027854060,1,1,1,1,0.04201664188593293015014794743
com/google/javascript/jscomp/FunctionInjector$CallSiteType.<init>(Ljava/lang/String;ILcom/google/javascript/jscomp/FunctionInjector$1;)V,0E+45,0,0,0E+30,0E+31,0,0,0E+42
com/google/javascript/jscomp/SideEffectsAnalysis$LocationAbstractionMode.values()[Lcom/google/javascript/jscomp/SideEffectsAnalysis$LocationAbstractionMode;,0E+47,0,0,0E+31,0E+33,0,0,0E+43
com/google/javascript/jscomp/newtypes/Property$Attribute.ordinal()I,0E+47,0,0,0E+31,0E+32,0,0,0E+44
com/google/javascript/rhino/Node.getChildCount()I,0.1280368799328959805181283644,0.01639344262295081967213114754,0.001961553550411926245586504512,1,1,1,1,0.04428942933039356917468196966
com/google/javascript/jscomp/GlobalNamespace$Name$Type.<init>(Ljava/lang/String;I)V,0.09053574604251852781899788739,0.01612903225806451612903225806,0.0009798157946306094454242602391,0.9718114602587800369685767097,0.9810244136662932096582682265,0.5,0.5,0.02214471466519678458734098483
com/google/javascript/rhino/Node.getDeclaredTypeExpression()Lcom/google/javascript/rhino/Node$TypeDeclarationNode;,0.1280368799328959805181283644,0.01639344262295081967213114754,0.001961553550411926245586504512,1,1,1,1,0.04428942933039356917468196966
java/lang/String.isEmpty()Z,0.05316442066501517631717972091,0.02487562189054726368159203980,0.004917495355698830728882089389,0.5518236683285226974547362896,0.3646805880317609986603440341,0.03448275862068965517241379310,0.01098096632503660322108345534,0.009845247110572292572381382590
com/google/javascript/jscomp/CompilerOptions$Reach.ordinal()I,0E+47,0,0,0E+31,0E+32,0,0,0E+44
java/lang/String.<init>([C)V,0.1280368799328959805181283644,0.01639344262295081967213114754,0.0001961553550411926245586504512,1,1,1,1,0.01400554729531097671671598248
java/util/List.size()I,0.1280368799328959805181283644,0.01639344262295081967213114754,0.0003923107100823852491173009023,1,1,1,1,0.01980683493348660274276222318
com/google/javascript/jscomp/SourceFile$Builder.<init>()V,0.04267895997763199350604278812,0.01990049751243781094527363184,0.004043273959130149710414162387,0.4962246342614440773949976405,0.3206359894818262298396874469,0.02777777777777777777777777778,0.009046454767726161369193154034,0.008102893941834260613520257325
com/google/javascript/jscomp/ProcessTweaks$TweakFunction.<init>(Ljava/lang/String;ILjava/lang/String;Ljava/lang/String;I)V,0E+46,0,0,0E+31,0E+32,0,0,0E+42
com/google/javascript/rhino/jstype/JSType.isEquivalent(Lcom/google/javascript/rhino/jstype/JSType;Lcom/google/javascript/rhino/jstype/JSType;)Z,0.1280368799328959805181283644,0.01639344262295081967213114754,0.0001961553550411926245586504512,1,1,1,1,0.01400554729531097671671598248
java/util/HashMap.get(Ljava/lang/Object;)Ljava/lang/Object;,0.1280368799328959805181283644,0.01639344262295081967213114754,0.002353864260494311494703805414,1,1,1,1,0.04851663900657496745043072404
java/lang/StringBuilder.append(Ljava/lang/Object;)Ljava/lang/StringBuilder;,0.1280368799328959805181283644,0.01639344262295081967213114754,0.001765398195370733621027854060,1,1,1,1,0.04201664188593293015014794743
com/google/javascript/rhino/Node.isEquivalentTo(Lcom/google/javascript/rhino/Node;ZZZ)Z,0.1280368799328959805181283644,0.01639344262295081967213114754,0.001765398195370733621027854060,1,1,1,1,0.04201664188593293015014794743
java/text/MessageFormat.format(Ljava/lang/Object;)Ljava/lang/String;,0E+47,0,0,0E+31,0E+32,0,0,0E+41
com/google/javascript/jscomp/SourceFile.builder()Lcom/google/javascript/jscomp/SourceFile$Builder;,0.04267895997763199350604278812,0.01990049751243781094527363184,0.004043273959130149710414162387,0.4962246342614440773949976405,0.3206359894818262298396874469,0.02777777777777777777777777778,0.009046454767726161369193154034,0.008102893941834260613520257325
com/google/javascript/jscomp/DiagnosticType.make(Ljava/lang/String;Lcom/google/javascript/jscomp/CheckLevel;Ljava/lang/String;)Lcom/google/javascript/jscomp/DiagnosticType;,0.04267895997763198919187924374,0.02158273381294964028776978417,0.002757859900717043574186431329,0.5700731905665492003252914069,0.6945783832112614094893007790,0.03703703703703703703703703704,0.04213483146067415730337078652,0.01113438783101883382755674399
com/google/common/collect/ImmutableSet.of(Ljava/lang/Object;)Lcom/google/common/collect/ImmutableSet;,0E+46,0,0,0E+31,0E+33,0,0,0E+46
com/google/javascript/jscomp/CheckEventfulObjectDisposal$SeenType.<init>(Ljava/lang/String;I)V,0E+47,0,0,0E+31,0E+32,0,0,0E+42
com/google/common/base/Preconditions.checkState(Z)V,0.2560737598657919610362567287,0.06557377049180327868852459016,0.003923107100823852491173009023,1,1,1,1,0.06263471162880733654174388524
com/google/javascript/jscomp/FunctionInjector$CanInlineResult.<init>(Ljava/lang/String;I)V,0.09053574604251852781899788739,0.01612903225806451612903225806,0.0005881199764752009409919623603,0.9718114602587800369685767097,0.9810244136662932096582682265,0.5,0.5,0.01715322222096445969858915767
com/google/javascript/jscomp/SourceFile.setOriginalPath(Ljava/lang/String;)V,0.04267895997763199350604278812,0.01990049751243781094527363184,0.004043273959130149710414162387,0.4962246342614440773949976405,0.3206359894818262298396874469,0.02777777777777777777777777778,0.009046454767726161369193154034,0.008102893941834260613520257325
com/google/javascript/jscomp/CheckPathsBetweenNodes$1.<init>()V,0E+47,0,0,0E+31,0E+33,0,0,0E+43
com/google/javascript/jscomp/regex/CharRanges.withMembers([I)Lcom/google/javascript/jscomp/regex/CharRanges;,0E+47,0,0,0E+30,0E+31,0,0,0E+43
com/google/javascript/jscomp/ErrorFormat$3.<init>(Ljava/lang/String;I)V,0.1358036190637777917284968311,0.04545454545454545454545454545,0.0005878894767783656672545561434,0.9538856970063501663138796492,0.9687691057966450986854599298,0.375,0.375,0.01485512620011495205707166738
com/google/javascript/jscomp/CompilationLevel.values()[Lcom/google/javascript/jscomp/CompilationLevel;,0E+47,0,0,0E+31,0E+33,0,0,0E+43
com/google/javascript/jscomp/CodingConventions$DefaultCodingConvention.isExported(Ljava/lang/String;Z)Z,0.1280368799328959805181283644,0.01639344262295081967213114754,0.001569242840329540996469203609,1,1,1,1,0.03961366986697320548552444636
com/google/javascript/jscomp/DotFormatter.traverseNodes(Lcom/google/javascript/rhino/Node;)V,0.1280368799328959805181283644,0.01639344262295081967213114754,0.0001961553550411926245586504512,1,1,1,1,0.01400554729531097671671598248
com/google/javascript/rhino/Node.lookupProperty(I)Lcom/google/javascript/rhino/Node$PropListItem;,0.1810714920850370556379957748,0.03278688524590163934426229508,0.008434680266771282856021969400,1,1,1,1,0.09184051538820588855286287907
com/google/javascript/jscomp/ReplaceIdGenerators$RenameStrategy.<init>(Ljava/lang/String;I)V,0E+47,0,0,0E+31,0E+32,0,0,0E+42
[Lcom/google/javascript/jscomp/newtypes/Property$Attribute;.clone()Ljava/lang/Object;,0E+47,0,0,0E+31,0E+33,0,0,0E+43
com/google/javascript/jscomp/JsMessage$Hash.hash64(Ljava/lang/String;J)J,0.1280368799328959805181283644,0.01639344262295081967213114754,0.0003923107100823852491173009023,1,1,1,1,0.01980683493348660274276222318
com/google/javascript/rhino/jstype/JSType$1.<init>()V,0.02337622911060922063008202338,0.01111111111111111111111111111,0.0001950458357714062804759118393,0.5431301652892561983471074381,0.6406412172919629075971366416,0.03333333333333333333333333333,0.03333333333333333333333333333,0.002557051394615763623471071403
com/google/javascript/jscomp/ErrorFormat$1.<init>(Ljava/lang/String;I)V,0.1358036190637777917284968311,0.04545454545454545454545454545,0.0005878894767783656672545561434,0.9538856970063501663138796492,0.9687691057966450986854599298,0.375,0.375,0.01485512620011495205707166738
com/google/javascript/rhino/Node$IntPropListItem.<init>(IILcom/google/javascript/rhino/Node$PropListItem;)V,0.1280368799328959805181283644,0.01639344262295081967213114754,0.001961553550411926245586504512,1,1,1,1,0.04428942933039356917468196966
com/google/javascript/jscomp/SideEffectsAnalysis$LocationAbstractionMode.<init>(Ljava/lang/String;I)V,0E+46,0,0,0E+31,0E+32,0,0,0E+42
com/google/javascript/rhino/JSDocInfo.makesUnrestricted()Z,0.1280368799328959805181283644,0.01639344262295081967213114754,0.0003923107100823852491173009023,1,1,1,1,0.01980683493348660274276222318
com/google/javascript/jscomp/newtypes/NaivePersistentSet.<init>(Ljava/util/Set;)V,0E+49,0,0,0E+30,0E+32,0,0,0E+44
com/google/debugging/sourcemap/Base64.toBase64(I)C,0.1810714920850370556379957748,0.03278688524590163934426229508,0.002550019615535504119262455865,1,1,1,1,0.05049771891417972276605498422
com/google/javascript/jscomp/CheckPathsBetweenNodes$3.<init>()V,0E+47,0,0,0E+31,0E+33,0,0,0E+43
java/util/Arrays.equals([I[I)Z,0E+47,0,0,0E+31,0E+32,0,0,0E+45
com/google/javascript/jscomp/SideEffectsAnalysis$DegenerateLocationAbstraction$DegenerateEffectLocation.<init>()V,0E+47,0,0,0E+31,0E+33,0,0,0E+46
[I.clone()Ljava/lang/Object;,0E+48,0,0,0E+30,0E+31,0,0,0E+43
com/google/javascript/jscomp/newtypes/Property$Attribute.values()[Lcom/google/javascript/jscomp/newtypes/Property$Attribute;,0E+47,0,0,0E+31,0E+33,0,0,0E+43
com/google/javascript/jscomp/FunctionInjector$CallSiteType$6.<init>(Ljava/lang/String;I)V,0E+45,0,0,0E+30,0E+32,0,0,0E+45
com/google/javascript/jscomp/graph/FixedPointGraphTraversal.<init>(Lcom/google/javascript/jscomp/graph/FixedPointGraphTraversal$EdgeCallback;)V,0.1280368799328959805181283644,0.01639344262295081967213114754,0.0001961553550411926245586504512,1,1,1,1,0.01400554729531097671671598248
com/google/javascript/jscomp/FunctionInjector$CallSiteType$4.<init>(Ljava/lang/String;I)V,0E+45,0,0,0E+30,0E+32,0,0,0E+45
com/google/javascript/jscomp/regex/RegExpTree$LookaheadAssertion.<init>(Lcom/google/javascript/jscomp/regex/RegExpTree;Z)V,0E+48,0,0,0E+30,0E+32,0,0,0E+44
com/google/javascript/jscomp/newtypes/ObjectType.makeObjectType(Lcom/google/javascript/jscomp/newtypes/NominalType;Lcom/google/javascript/jscomp/newtypes/PersistentMap;Lcom/google/javascript/jscomp/newtypes/FunctionType;ZLcom/google/javascript/jscomp/newtypes/ObjectKind;)Lcom/google/javascript/jscomp/newtypes/ObjectType;,0E+47,0,0,0E+31,0E+33,0,0,0E+43
java/lang/Integer.valueOf(I)Ljava/lang/Integer;,0.04526787302125926390949894369,0.01470588235294117647058823529,0.001756097560975609756097560976,0.8312252964426877470355731227,0.9451546850177689640209856667,0.125,0.25,0.02100832094296646507507397372
com/google/javascript/jscomp/CheckEventfulObjectDisposal$DisposalCheckingPolicy.<init>(Ljava/lang/String;I)V,0E+47,0,0,0E+31,0E+32,0,0,0E+44
com/google/javascript/jscomp/InlineProperties$PropertyInfo.<init>(Lcom/google/javascript/rhino/jstype/JSType;Lcom/google/javascript/rhino/Node;)V,0E+47,0,0,0E+31,0E+33,0,0,0E+43
com/google/javascript/jscomp/CompilerInput.<init>(Lcom/google/javascript/jscomp/SourceAst;Z)V,0E+47,0,0,0E+31,0E+32,0,0,0E+40
com/google/common/io/CharSource.wrap(Ljava/lang/CharSequence;)Lcom/google/common/io/CharSource;,0.1280368799328959805181283644,0.01639344262295081967213114754,0.001569242840329540996469203609,1,1,1,1,0.03961366986697320548552444636
java/util/AbstractMap.<init>()V,0E+46,0,0,0E+30,0E+32,0,0,0E+42
com/google/javascript/jscomp/SourceAst.getInputId()Lcom/google/javascript/rhino/InputId;,0E+47,0,0,0E+31,0E+32,0,0,0E+40
com/google/javascript/rhino/Node.getProp(I)Ljava/lang/Object;,0.1810714920850370556379957748,0.03278688524590163934426229508,0.005100039231071008238524911730,1,1,1,1,0.07141455895733732027249709285
com/google/javascript/rhino/JSDocInfo.isOverride()Z,0.1280368799328959805181283644,0.01639344262295081967213114754,0.0003923107100823852491173009023,1,1,1,1,0.01980683493348660274276222318
[Lcom/google/javascript/jscomp/CompilerOptions$ExtractPrototypeMemberDeclarationsMode;.clone()Ljava/lang/Object;,0E+47,0,0,0E+31,0E+33,0,0,0E+43
java/util/Collection.iterator()Ljava/util/Iterator;,0.1280368799328959805181283644,0.01639344262295081967213114754,0.0001961553550411926245586504512,1,1,1,1,0.01400554729531097671671598248
com/google/javascript/rhino/Node$NumberNode.<init>(D)V,0.1280368799328959805181283644,0.01639344262295081967213114754,0.0001961553550411926245586504512,1,1,1,1,0.01400554729531097671671598248
com/google/javascript/jscomp/newtypes/NaivePersistentSet.create()Lcom/google/javascript/jscomp/newtypes/PersistentSet;,0E+49,0,0,0E+30,0E+32,0,0,0E+44
com/google/javascript/rhino/JSDocInfo$Visibility.ordinal()I,0E+47,0,0,0E+31,0E+32,0,0,0E+44
java/util/HashMap.<init>()V,0.2024440825447290116679313904,0.07575757575757575757575757576,0.004703115814226925338036449148,0.9718114602587800369685767098,0.9959864600892898474917816118,0.5,0.8275862068965517241379310345,0.06241835619257918707015616230
com/google/javascript/jscomp/CoverageInstrumentationPass$CoverageReach.<init>(Ljava/lang/String;I)V,0E+47,0,0,0E+31,0E+33,0,0,0E+46
com/google/javascript/rhino/Node$NodeMismatch.<init>(Lcom/google/javascript/rhino/Node;Lcom/google/javascript/rhino/Node;)V,0.1280368799328959805181283644,0.01639344262295081967213114754,0.0003923107100823852491173009023,1,1,1,1,0.01980683493348660274276222318
java/lang/Class.forName(Ljava/lang/String;)Ljava/lang/Class;,0E+48,0,0,0E+30,0E+32,0,0,0E+44
java/lang/Math.max(II)I,0E+47,0,0,0E+31,0E+32,0,0,0E+44
com/google/javascript/jscomp/NodeUtil$ValueType.ordinal()I,0E+46,0,0,0E+31,0E+32,0,0,0E+43
com/google/javascript/jscomp/AbstractCompiler$ConfigContext.<init>(Ljava/lang/String;I)V,0E+46,0,0,0E+31,0E+32,0,0,0E+42
com/google/javascript/jscomp/graph/LinkedDirectedGraph$LinkedDirectedGraphNode.<init>(Ljava/lang/Object;)V,0.2560737598657919610362567287,0.06557377049180327868852459016,0.01843860337387210670851314241,1,1,1,1,0.1357888190311415475568206586
com/google/javascript/jscomp/parsing/parser/Parser$Config$Mode.<init>(Ljava/lang/String;I)V,0E+47,0,0,0E+31,0E+32,0,0,0E+40
com/google/javascript/jscomp/ShowByPathWarningsGuard$ShowType.<init>(Ljava/lang/String;I)V,0E+47,0,0,0E+31,0E+33,0,0,0E+46
[Lcom/google/javascript/jscomp/CssRenamingMap$Style;.clone()Ljava/lang/Object;,0E+47,0,0,0E+31,0E+33,0,0,0E+43
com/google/javascript/jscomp/newtypes/Typedef$State.<init>(Ljava/lang/String;I)V,0E+47,0,0,0E+31,0E+32,0,0,0E+44
com/google/javascript/rhino/JSDocInfo.getLicense()Ljava/lang/String;,0.1280368799328959805181283644,0.01639344262295081967213114754,0.0003923107100823852491173009023,1,1,1,1,0.01980683493348660274276222318
com/google/javascript/jscomp/parsing/TypeTransformationParser$Keywords.ordinal()I,0E+46,0,0,0E+31,0E+31,0,0,0E+44
com/google/javascript/rhino/Node$PropListItem.getNext()Lcom/google/javascript/rhino/Node$PropListItem;,0.1280368799328959805181283644,0.01639344262295081967213114754,0.001176932130247155747351902707,1,1,1,1,0.03430644444192891939717831533
com/google/javascript/rhino/JSDocInfo.areEquivalent(Lcom/google/javascript/rhino/JSDocInfo;Lcom/google/javascript/rhino/JSDocInfo;)Z,0.1280368799328959805181283644,0.01639344262295081967213114754,0.0001961553550411926245586504512,1,1,1,1,0.01400554729531097671671598248
com/google/javascript/jscomp/CompilationLevel.ordinal()I,0E+47,0,0,0E+31,0E+32,0,0,0E+44
com/google/javascript/rhino/jstype/EquivalenceMethod.<init>(Ljava/lang/String;I)V,0E+47,0,0,0E+31,0E+32,0,0,0E+44
com/google/common/collect/ImmutableList.of(Ljava/lang/Object;Ljava/lang/Object;Ljava/lang/Object;Ljava/lang/Object;Ljava/lang/Object;Ljava/lang/Object;Ljava/lang/Object;Ljava/lang/Object;Ljava/lang/Object;)Lcom/google/common/collect/ImmutableList;,0E+47,0,0,0E+31,0E+33,0,0,0E+43
com/google/javascript/jscomp/graph/LinkedDirectedGraph$LinkedDirectedGraphNode.getInEdges()Ljava/util/List;,0.2217663812863718503308144810,0.04918032786885245901639344262,0.01883091408395449195763044331,1,1,1,1,0.1372257777677156775887132613
java/lang/Object.<init>()V,0.2160791167272289037031254778,0.08645533141210374639769452450,0.04334796849954700676005296536,0.7833763782656203436972285686,0.7765888532491653252030348172,0.09493670886075949367088607595,0.06300010128633647320976400284,0.08767300668079891130291567316
com/google/javascript/jscomp/ErrorFormat.<init>(Ljava/lang/String;ILcom/google/javascript/jscomp/ErrorFormat$1;)V,0.1358036190637777917284968311,0.04545454545454545454545454545,0.002344665885111371629542790152,0.9538856970063501663138796492,0.9687691057966450986854599298,0.375,0.375,0.02971025240022990411414333477
com/google/common/base/CharMatcher.is(C)Lcom/google/common/base/CharMatcher;,0E+47,0,0,0E+31,0E+33,0,0,0E+43
java/lang/String.lastIndexOf(I)I,0.1280368799328959805181283644,0.01639344262295081967213114754,0.001176932130247155747351902707,1,1,1,1,0.03430644444192891939717831533
com/google/javascript/rhino/Node.getStaticSourceFile()Lcom/google/javascript/rhino/StaticSourceFile;,0.1280368799328959805181283644,0.01639344262295081967213114754,0.0003923107100823852491173009023,1,1,1,1,0.01980683493348660274276222318
com/google/javascript/jscomp/FunctionInjector$CallSiteType.<init>(Ljava/lang/String;I)V,0E+45,0,0,0E+30,0E+31,0,0,0E+42
com/google/javascript/rhino/JSDocInfo.getTemplateTypeNames()Lcom/google/common/collect/ImmutableList;,0.1280368799328959805181283644,0.01639344262295081967213114754,0.0003923107100823852491173009023,1,1,1,1,0.01980683493348660274276222318
com/google/javascript/jscomp/VariableRenamingPolicy.<init>(Ljava/lang/String;I)V,0E+47,0,0,0E+31,0E+32,0,0,0E+42
com/google/javascript/jscomp/ErrorFormat$2.<init>(Ljava/lang/String;I)V,0.1358036190637777917284968311,0.04545454545454545454545454545,0.0005878894767783656672545561434,0.9538856970063501663138796492,0.9687691057966450986854599298,0.375,0.375,0.01485512620011495205707166738
com/google/javascript/rhino/Node.newNumber(D)Lcom/google/javascript/rhino/Node;,0.1280368799328959805181283644,0.01639344262295081967213114754,0.0001961553550411926245586504512,1,1,1,1,0.01400554729531097671671598248
com/google/javascript/jscomp/CodeGenerator$Context.<init>(Ljava/lang/String;I)V,0E+47,0,0,0E+31,0E+32,0,0,0E+40
com/google/javascript/rhino/Node.createProp(IILcom/google/javascript/rhino/Node$PropListItem;)Lcom/google/javascript/rhino/Node$PropListItem;,0.1280368799328959805181283644,0.01639344262295081967213114754,0.001961553550411926245586504512,1,1,1,1,0.04428942933039356917468196966
com/google/javascript/jscomp/CompilerOptions$DevMode.<init>(Ljava/lang/String;I)V,0E+47,0,0,0E+31,0E+32,0,0,0E+42
com/google/javascript/jscomp/GlobalNamespace$Ref$Type.ordinal()I,0E+49,0,0,0E+30,0E+32,0,0,0E+41
com/google/javascript/jscomp/FunctionInjector$CallSiteType.values()[Lcom/google/javascript/jscomp/FunctionInjector$CallSiteType;,0E+47,0,0,0E+31,0E+33,0,0,0E+43
com/google/javascript/jscomp/graph/Graph.getNodes()Ljava/util/Collection;,0.1280368799328959805181283644,0.01639344262295081967213114754,0.0001961553550411926245586504512,1,1,1,1,0.01400554729531097671671598248
com/google/debugging/sourcemap/Base64VLQ.fromVLQSigned(I)I,0.1280368799328959805181283644,0.01639344262295081967213114754,0.0009807767752059631227932522558,1,1,1,1,0.03131735581440366827087194262
[Lcom/google/javascript/rhino/JSDocInfo$Visibility;.clone()Ljava/lang/Object;,0E+47,0,0,0E+31,0E+33,0,0,0E+43
com/google/javascript/rhino/JSDocInfo.<init>(Z)V,0.1810714920850370556379957748,0.03278688524590163934426229508,0.001373087485288348371910553158,1,1,1,1,0.03705519511874614733059190911
java/lang/Class.getName()Ljava/lang/String;,0E+46,0,0,0E+30,0E+32,0,0,0E+43
com/google/common/collect/ImmutableMap.builder()Lcom/google/common/collect/ImmutableMap$Builder;,0E+47,0,0,0E+30,0E+32,0,0,0E+44
com/google/debugging/sourcemap/Base64.fromBase64(C)I,0.1280368799328959805181283644,0.01639344262295081967213114754,0.001373087485288348371910553158,1,1,1,1,0.03705519511874614733059190911
com/google/javascript/jscomp/graph/DiGraph.clearNodeAnnotations()V,0.1280368799328959805181283644,0.01639344262295081967213114754,0.0001961553550411926245586504512,1,1,1,1,0.01400554729531097671671598248
com/google/debugging/sourcemap/SourceMapFormat.values()[Lcom/google/debugging/sourcemap/SourceMapFormat;,0E+47,0,0,0E+31,0E+33,0,0,0E+43
com/google/javascript/jscomp/WarningLevel.ordinal()I,0E+47,0,0,0E+31,0E+32,0,0,0E+44
com/google/javascript/jscomp/CustomPassExecutionTime.<init>(Ljava/lang/String;I)V,0E+47,0,0,0E+31,0E+32,0,0,0E+42
com/google/javascript/jscomp/graph/DiGraph.<init>()V,0.2560737598657919610362567287,0.06557377049180327868852459016,0.004119262455865045115731659474,1,1,1,1,0.06418148063004658916066426075
java/lang/String.equals(Ljava/lang/Object;)Z,0.1810714920850370556379957748,0.03278688524590163934426229508,0.0003923107100823852491173009023,1,1,1,1,0.01980683493348660274276222318
com/google/javascript/rhino/IR.paramList()Lcom/google/javascript/rhino/Node;,0.1280368799328959805181283644,0.01639344262295081967213114754,0.0001961553550411926245586504512,1,1,1,1,0.01400554729531097671671598248
com/google/javascript/rhino/JSDocInfo.setLicense(Ljava/lang/String;)V,0.1280368799328959805181283644,0.01639344262295081967213114754,0.0003923107100823852491173009023,1,1,1,1,0.01980683493348660274276222318
com/google/javascript/rhino/JSDocInfo.getSuppressions()Ljava/util/Set;,0.1280368799328959805181283644,0.01639344262295081967213114754,0.0003923107100823852491173009023,1,1,1,1,0.01980683493348660274276222318
com/google/javascript/jscomp/DotFormatter.formatPreamble()V,0.1280368799328959805181283644,0.01639344262295081967213114754,0.0001961553550411926245586504512,1,1,1,1,0.01400554729531097671671598248
com/google/javascript/jscomp/parsing/Config$LanguageMode.values()[Lcom/google/javascript/jscomp/parsing/Config$LanguageMode;,0E+46,0,0,0E+31,0E+33,0,0,0E+46
com/google/javascript/jscomp/CodingConventions$Proxy.<init>(Lcom/google/javascript/jscomp/CodingConvention;)V,0E+49,0,0,0E+30,0E+31,0,0,0E+42
com/google/javascript/jscomp/RecentChange.<init>()V,0.1280368799328959805181283644,0.01639344262295081967213114754,0.0003923107100823852491173009023,1,1,1,1,0.01980683493348660274276222318
com/google/javascript/jscomp/graph/LinkedDirectedGraph$AnnotatedLinkedDirectedGraphEdge.<init>(Lcom/google/javascript/jscomp/graph/DiGraph$DiGraphNode;Ljava/lang/Object;Lcom/google/javascript/jscomp/graph/DiGraph$DiGraphNode;)V,0.2217663812863718503308144810,0.04918032786885245901639344262,0.01883091408395449195763044331,1,1,1,1,0.1372257777677156775887132613
com/google/javascript/rhino/jstype/FunctionType$PropAccess.<init>(Ljava/lang/String;I)V,0E+47,0,0,0E+31,0E+32,0,0,0E+44
com/google/javascript/jscomp/SideEffectsAnalysis$LocationAbstractionMode.ordinal()I,0E+47,0,0,0E+31,0E+33,0,0,0E+46
com/google/javascript/rhino/Node.getLineno()I,0.1810714920850370556379957748,0.03278688524590163934426229508,0.001961553550411926245586504512,1,1,1,1,0.04428942933039356917468196966
com/google/javascript/jscomp/SourceExcerptProvider$SourceExcerpt.<init>(Ljava/lang/String;I)V,0E+49,0,0,0E+30,0E+32,0,0,0E+40
com/google/javascript/jscomp/SourceFile$Builder.buildFromCode(Ljava/lang/String;Ljava/lang/String;)Lcom/google/javascript/jscomp/SourceFile;,0.04267895997763199350604278812,0.01990049751243781094527363184,0.004043273959130149710414162387,0.4962246342614440773949976405,0.3206359894818262298396874469,0.02777777777777777777777777778,0.009046454767726161369193154034,0.008102893941834260613520257325
com/google/javascript/jscomp/NodeUtil$ValueType.<init>(Ljava/lang/String;I)V,0E+49,0,0,0E+30,0E+32,0,0,0E+43
[Lcom/google/javascript/jscomp/NodeUtil$ValueType;.clone()Ljava/lang/Object;,0E+46,0,0,0E+31,0E+33,0,0,0E+46
