[Lcom/google/javascript/jscomp/FunctionInjector$CallSiteType;.clone()Ljava/lang/Object;,0.00E+00,0,0,0.00E+00,0.00E+00,0,0,0.00E+00
com/google/javascript/jscomp/DiagnosticType.disabled(Ljava/lang/String;Ljava/lang/String;)Lcom/google/javascript/jscomp/DiagnosticType;,0.00E+00,0,0,0.00E+00,0.00E+00,0,0,0.00E+00
com/google/javascript/jscomp/parsing/Config$LanguageMode.<init>(Ljava/lang/String;I)V,0.00E+00,0,0,0.00E+00,0.00E+00,0,0,0.00E+00
com/google/javascript/jscomp/ControlFlowGraph$Branch.<init>(Ljava/lang/String;I)V,0.06401844,0.015625,0.000977899,0.919947507,0.945154685,0.25,0.25,0.015658678
com/google/javascript/rhino/jstype/TernaryValue.equals(Ljava/lang/Object;)Z,0.00E+00,0,0,0.00E+00,0.00E+00,0,0,0.00E+00
com/google/javascript/jscomp/MinimizedCondition$1.<init>()V,0.00E+00,0,0,0.00E+00,0.00E+00,0,0,0.00E+00
com/google/javascript/jscomp/PeepholeSubstituteAlternateSyntax$FoldArrayAction.<init>(Ljava/lang/String;I)V,0.00E+00,0,0,0.00E+00,0.00E+00,0,0,0.00E+00
com/google/javascript/rhino/JSDocInfo.isDeprecated()Z,0.12803688,0.016393443,0.000392311,1,1,1,1,0.019806835
com/google/common/collect/ImmutableSet.of(Ljava/lang/Object;Ljava/lang/Object;)Lcom/google/common/collect/ImmutableSet;,0.147844254,0.032258065,0.000392234,0.985704242,0.990421326,0.666666667,0.666666667,0.016172213
com/google/javascript/jscomp/CompilerOptions$TracerMode.<init>(Ljava/lang/String;I)V,0.073922127,0.015873016,0.000783392,0.945168539,0.962755562,0.333333333,0.333333333,0.016172213
java/lang/String.compareTo(Ljava/lang/String;)I,0.00E+00,0,0,0.00E+00,0.00E+00,0,0,0.00E+00
com/google/javascript/jscomp/DiagnosticType.error(Ljava/lang/String;Ljava/lang/String;)Lcom/google/javascript/jscomp/DiagnosticType;,0.037352197,0.018867925,0.001147228,0.605092792,0.701489677,0.042553191,0.043478261,0.007153388
com/google/javascript/jscomp/newtypes/NaivePersistentMap.create()Lcom/google/javascript/jscomp/newtypes/PersistentMap;,0.00E+00,0,0,0.00E+00,0.00E+00,0,0,0.00E+00
com/google/common/collect/ImmutableSet.of(Ljava/lang/Object;Ljava/lang/Object;Ljava/lang/Object;Ljava/lang/Object;Ljava/lang/Object;Ljava/lang/Object;[Ljava/lang/Object;)Lcom/google/common/collect/ImmutableSet;,0.00E+00,0,0,0.00E+00,0.00E+00,0,0,0.00E+00
com/google/javascript/rhino/jstype/TemplateTypeMap$EquivalenceMatch.<init>(Ljava/lang/String;I)V,0.00E+00,0,0,0.00E+00,0.00E+00,0,0,0.00E+00
com/google/javascript/jscomp/regex/RegExpTree$Empty.<init>()V,0.00E+00,0,0,0.00E+00,0.00E+00,0,0,0.00E+00
com/google/javascript/jscomp/graph/LinkedDirectedGraph.getNodeOrFail(Ljava/lang/Object;)Lcom/google/javascript/jscomp/graph/GraphNode;,0.221766381,0.049180328,0.037857984,1,1,1,1,0.194571281
[Lcom/google/javascript/jscomp/InlineVariables$Mode;.clone()Ljava/lang/Object;,0.00E+00,0,0,0.00E+00,0.00E+00,0,0,0.00E+00
com/google/javascript/jscomp/parsing/TypeTransformationParser$OperationKind.values()[Lcom/google/javascript/jscomp/parsing/TypeTransformationParser$OperationKind;,0.00E+00,0,0,0.00E+00,0.00E+00,0,0,0.00E+00
com/google/javascript/jscomp/graph/DiGraph.isConnectedInDirection(Ljava/lang/Object;Ljava/lang/Object;)Z,0.12803688,0.016393443,0.000196155,1,1,1,1,0.014005547
com/google/javascript/jscomp/CompilerOptions$TracerMode.values()[Lcom/google/javascript/jscomp/CompilerOptions$TracerMode;,0.00E+00,0,0,0.00E+00,0.00E+00,0,0,0.00E+00
com/google/javascript/rhino/Node.removeProp(I)V,0.12803688,0.016393443,0.003138486,1,1,1,1,0.056022189
java/lang/StringBuilder.<init>()V,0.156812512,0.046875,0.006449091,0.97181146,0.988985997,0.5,0.634615385,0.064093259
[Lcom/google/javascript/jscomp/AbstractCompiler$ConfigContext;.clone()Ljava/lang/Object;,0.00E+00,0,0,0.00E+00,0.00E+00,0,0,0.00E+00
com/google/javascript/jscomp/CodeGenerator.forCostEstimation(Lcom/google/javascript/jscomp/CodeConsumer;)Lcom/google/javascript/jscomp/CodeGenerator;,0.00E+00,0,0,0.00E+00,0.00E+00,0,0,0.00E+00
com/google/javascript/jscomp/regex/CharRanges.union(Lcom/google/javascript/jscomp/regex/CharRanges;)Lcom/google/javascript/jscomp/regex/CharRanges;,0.00E+00,0,0,0.00E+00,0.00E+00,0,0,0.00E+00
com/google/javascript/jscomp/ControlFlowGraph.createDirectedGraphNode(Ljava/lang/Object;)Lcom/google/javascript/jscomp/graph/LinkedDirectedGraph$LinkedDirectedGraphNode;,0.12803688,0.016393443,0.001569243,1,1,1,1,0.03961367
java/lang/String.length()I,0.193573567,0.0625,0.028234384,0.978708551,0.990421326,0.571428571,0.666666667,0.138175448
com/google/javascript/jscomp/CompilerOptions$Reach.<init>(Ljava/lang/String;I)V,0.00E+00,0,0,0.00E+00,0.00E+00,0,0,0.00E+00
java/lang/StringBuilder.append(Ljava/lang/String;)Ljava/lang/StringBuilder;,0.193573567,0.0625,0.005818318,0.978708551,0.874500602,0.571428571,0.118773946,0.02687457
com/google/javascript/jscomp/regex/RegExpTree.<init>()V,0.00E+00,0,0,0.00E+00,0.00E+00,0,0,0.00E+00
com/google/javascript/jscomp/newtypes/PersistentSet.<init>()V,0.00E+00,0,0,0.00E+00,0.00E+00,0,0,0.00E+00
com/google/common/base/CharMatcher.inRange(CC)Lcom/google/common/base/CharMatcher;,0.00E+00,0,0,0.00E+00,0.00E+00,0,0,0.00E+00
com/google/javascript/rhino/Node.newString(ILjava/lang/String;)Lcom/google/javascript/rhino/Node;,0.221766381,0.049180328,0.005688505,1,1,1,1,0.07542218
[Lcom/google/javascript/jscomp/parsing/parser/trees/ParseTreeType;.clone()Ljava/lang/Object;,0.00E+00,0,0,0.00E+00,0.00E+00,0,0,0.00E+00
com/google/common/collect/ImmutableList.of(Ljava/lang/Object;Ljava/lang/Object;Ljava/lang/Object;Ljava/lang/Object;Ljava/lang/Object;Ljava/lang/Object;Ljava/lang/Object;Ljava/lang/Object;Ljava/lang/Object;Ljava/lang/Object;Ljava/lang/Object;Ljava/lang/Object;[Ljava/lang/Object;)Lcom/google/common/collect/ImmutableList;,0.00E+00,0,0,0.00E+00,0.00E+00,0,0,0.00E+00
com/google/javascript/jscomp/JsAst.<init>(Lcom/google/javascript/jscomp/SourceFile;)V,0.00E+00,0,0,0.00E+00,0.00E+00,0,0,0.00E+00
com/google/javascript/jscomp/regex/CharRanges.withRanges([I)Lcom/google/javascript/jscomp/regex/CharRanges;,0.00E+00,0,0,0.00E+00,0.00E+00,0,0,0.00E+00
java/util/Arrays.copyOf([II)[I,0.00E+00,0,0,0.00E+00,0.00E+00,0,0,0.00E+00
com/google/javascript/jscomp/parsing/parser/util/format/SimpleFormat$BigDecimalLayoutForm.<init>(Ljava/lang/String;I)V,0.00E+00,0,0,0.00E+00,0.00E+00,0,0,0.00E+00
[Lcom/google/javascript/jscomp/CommandLineRunner$FormattingOption;.clone()Ljava/lang/Object;,0.00E+00,0,0,0.00E+00,0.00E+00,0,0,0.00E+00
com/google/javascript/jscomp/regex/CharRanges.inclusive(II)Lcom/google/javascript/jscomp/regex/CharRanges;,0.00E+00,0,0,0.00E+00,0.00E+00,0,0,0.00E+00
java/util/HashSet.<init>()V,0.00E+00,0,0,0.00E+00,0.00E+00,0,0,0.00E+00
com/google/javascript/rhino/JSDocInfo.makesStructs()Z,0.12803688,0.016393443,0.000392311,1,1,1,1,0.019806835
com/google/javascript/jscomp/graph/LinkedUndirectedGraph.<init>(ZZ)V,0.181071492,0.032786885,0.002746175,1,1,1,1,0.052403959
com/google/javascript/jscomp/MinimizedCondition$MinimizationStyle.<init>(Ljava/lang/String;I)V,0.00E+00,0,0,0.00E+00,0.00E+00,0,0,0.00E+00
com/google/debugging/sourcemap/SourceMapFormat.ordinal()I,0.00E+00,0,0,0.00E+00,0.00E+00,0,0,0.00E+00
com/google/javascript/jscomp/DotFormatter.formatConclusion()V,0.12803688,0.016393443,0.000196155,1,1,1,1,0.014005547
com/google/javascript/jscomp/CheckPathsBetweenNodes$2.<init>()V,0.00E+00,0,0,0.00E+00,0.00E+00,0,0,0.00E+00
[Lcom/google/javascript/jscomp/parsing/TypeTransformationParser$Keywords;.clone()Ljava/lang/Object;,0.00E+00,0,0,0.00E+00,0.00E+00,0,0,0.00E+00
com/google/javascript/jscomp/newtypes/NaivePersistentMap.<init>(Ljava/util/Map;)V,0.00E+00,0,0,0.00E+00,0.00E+00,0,0,0.00E+00
com/google/javascript/jscomp/graph/DiGraph.isConnectedInDirection(Ljava/lang/Object;Ljava/lang/Object;Ljava/lang/Object;)Z,0.12803688,0.016393443,0.000196155,1,1,1,1,0.014005547
java/lang/String.format(Ljava/lang/String;[Ljava/lang/Object;)Ljava/lang/String;,0.00E+00,0,0,0.00E+00,0.00E+00,0,0,0.00E+00
com/google/javascript/jscomp/parsing/parser/trees/FunctionDeclarationTree$Kind.<init>(Ljava/lang/String;I)V,0.00E+00,0,0,0.00E+00,0.00E+00,0,0,0.00E+00
com/google/javascript/jscomp/BasicErrorManager$LeveledJSErrorComparator.<init>()V,0.12803688,0.016393443,0.005688505,1,1,1,1,0.07542218
com/google/javascript/rhino/Node.checkTreeEqualsImpl(Lcom/google/javascript/rhino/Node;)Lcom/google/javascript/rhino/Node$NodeMismatch;,0.12803688,0.016393443,0.000392311,1,1,1,1,0.019806835
com/google/javascript/jscomp/SourceFile$Preloaded.<init>(Ljava/lang/String;Ljava/lang/String;Ljava/lang/String;)V,0.04267896,0.019900498,0.004043274,0.496224634,0.320635989,0.027777778,0.009046455,0.008102894
com/google/javascript/jscomp/parsing/parser/trees/ParseTreeType.<init>(Ljava/lang/String;I)V,0.00E+00,0,0,0.00E+00,0.00E+00,0,0,0.00E+00
java/lang/String.getBytes(Ljava/nio/charset/Charset;)[B,0.12803688,0.016393443,0.000392311,1,1,1,1,0.019806835
java/lang/Boolean.valueOf(Z)Ljava/lang/Boolean;,0.00E+00,0,0,0.00E+00,0.00E+00,0,0,0.00E+00
java/lang/StringBuilder.toString()Ljava/lang/String;,0.156812512,0.046875,0.006058237,0.97181146,0.988283741,0.5,0.62,0.061401188
[Lcom/google/javascript/jscomp/CompilerOptions$TracerMode;.clone()Ljava/lang/Object;,0.00E+00,0,0,0.00E+00,0.00E+00,0,0,0.00E+00
com/google/common/base/Preconditions.checkArgument(ZLjava/lang/String;[Ljava/lang/Object;)V,0.00E+00,0,0,0.00E+00,0.00E+00,0,0,0.00E+00
com/google/javascript/rhino/Token.name(I)Ljava/lang/String;,0.221766381,0.049180328,0.003530796,1,1,1,1,0.059420505
com/google/javascript/jscomp/CssRenamingMap$Style.ordinal()I,0.00E+00,0,0,0.00E+00,0.00E+00,0,0,0.00E+00
com/google/javascript/jscomp/parsing/parser/TokenType.values()[Lcom/google/javascript/jscomp/parsing/parser/TokenType;,0.00E+00,0,0,0.00E+00,0.00E+00,0,0,0.00E+00
com/google/javascript/rhino/JSDocInfo.declareTemplateTypeName(Ljava/lang/String;)Z,0.12803688,0.016393443,0.000392311,1,1,1,1,0.019806835
com/google/javascript/rhino/JSDocInfo$Visibility.<init>(Ljava/lang/String;I)V,0.073922127,0.015873016,0.000978857,0.945168539,0.962755562,0.333333333,0.333333333,0.018081084
com/google/javascript/rhino/jstype/TernaryValue$1.<init>(Ljava/lang/String;I)V,0.045267873,0.014705882,0.000195886,0.831225296,0.88074814,0.125,0.125,0.004951709
java/lang/Appendable.append(C)Ljava/lang/Appendable;,0.221766381,0.049180328,0.003138486,1,1,1,1,0.056022189
com/google/javascript/jscomp/XtbMessageBundle$SecureEntityResolver.<init>(Lcom/google/javascript/jscomp/XtbMessageBundle$1;)V,0.090535746,0.016129032,0.000196117,0.97181146,0.981024414,0.5,0.5,0.009903417
com/google/javascript/jscomp/CodingConventions$DefaultCodingConvention.<init>(Lcom/google/javascript/jscomp/CodingConventions$1;)V,0.06401844,0.015625,0.003481625,0.919947507,0.928185804,0.25,0.2,0.026573658
com/google/common/collect/ImmutableSet.of(Ljava/lang/Object;Ljava/lang/Object;Ljava/lang/Object;Ljava/lang/Object;Ljava/lang/Object;)Lcom/google/common/collect/ImmutableSet;,0.00E+00,0,0,0.00E+00,0.00E+00,0,0,0.00E+00
com/google/javascript/jscomp/ClosureCodingConvention.<init>(Lcom/google/javascript/jscomp/CodingConvention;)V,0.00E+00,0,0,0.00E+00,0.00E+00,0,0,0.00E+00
com/google/javascript/rhino/jstype/TernaryValue.not()Lcom/google/javascript/rhino/jstype/TernaryValue;,0.00E+00,0,0,0.00E+00,0.00E+00,0,0,0.00E+00
com/google/javascript/rhino/Node.getBooleanProp(I)Z,0.12803688,0.016393443,0.000588466,1,1,1,1,0.02425832
com/google/common/base/Predicates.equalTo(Ljava/lang/Object;)Lcom/google/common/base/Predicate;,0.12803688,0.016393443,0.000196155,1,1,1,1,0.014005547
com/google/javascript/jscomp/CodingConventions.getDefault()Lcom/google/javascript/jscomp/CodingConvention;,0.00E+00,0,0,0.00E+00,0.00E+00,0,0,0.00E+00
java/lang/Math.pow(DD)D,0.00E+00,0,0,0.00E+00,0.00E+00,0,0,0.00E+00
java/lang/Integer.toString(II)Ljava/lang/String;,0.00E+00,0,0,0.00E+00,0.00E+00,0,0,0.00E+00
com/google/javascript/jscomp/graph/LinkedDirectedGraph.getDirectedSuccNodes(Lcom/google/javascript/jscomp/graph/DiGraph$DiGraphNode;)Ljava/util/List;,0.12803688,0.016393443,0.000196155,1,1,1,1,0.014005547
com/google/javascript/jscomp/CommandLineRunner$FormattingOption.values()[Lcom/google/javascript/jscomp/CommandLineRunner$FormattingOption;,0.00E+00,0,0,0.00E+00,0.00E+00,0,0,0.00E+00
com/google/common/base/Preconditions.checkArgument(Z)V,0.221766381,0.049180328,0.001373087,1,1,1,1,0.037055195
[Lcom/google/javascript/jscomp/CompilationLevel;.clone()Ljava/lang/Object;,0.00E+00,0,0,0.00E+00,0.00E+00,0,0,0.00E+00
com/google/javascript/rhino/Node.putBooleanProp(IZ)V,0.12803688,0.016393443,0.000392311,1,1,1,1,0.019806835
com/google/javascript/jscomp/ProcessTweaks$TweakFunction.<init>(Ljava/lang/String;ILjava/lang/String;Lcom/google/javascript/jscomp/ProcessTweaks$TweakFunction;)V,0.00E+00,0,0,0.00E+00,0.00E+00,0,0,0.00E+00
java/lang/Enum.<init>(Ljava/lang/String;I)V,0.112852851,0.040865385,0.013116007,0.622774623,0.659035804,0.045698925,0.036039188,0.026983992
com/google/javascript/jscomp/PropertyRenamingPolicy.values()[Lcom/google/javascript/jscomp/PropertyRenamingPolicy;,0.00E+00,0,0,0.00E+00,0.00E+00,0,0,0.00E+00
com/google/javascript/jscomp/ControlFlowGraph$Branch.values()[Lcom/google/javascript/jscomp/ControlFlowGraph$Branch;,0.00E+00,0,0,0.00E+00,0.00E+00,0,0,0.00E+00
[Lcom/google/javascript/jscomp/PropertyRenamingPolicy;.clone()Ljava/lang/Object;,0.00E+00,0,0,0.00E+00,0.00E+00,0,0,0.00E+00
java/util/Iterator.hasNext()Z,0.181071492,0.032786885,0.000784621,1,1,1,1,0.028011095
com/google/javascript/rhino/Node.toString()Ljava/lang/String;,0.181071492,0.032786885,0.001765398,1,1,1,1,0.042016642
com/google/javascript/jscomp/AliasExternals.getArrayNotationNameFor(Ljava/lang/String;)Ljava/lang/String;,0.00E+00,0,0,0.00E+00,0.00E+00,0,0,0.00E+00
com/google/javascript/jscomp/ProcessTweaks$TweakFunction.ordinal()I,0.00E+00,0,0,0.00E+00,0.00E+00,0,0,0.00E+00
com/google/javascript/jscomp/NameAnalyzer$RefType.<init>(Ljava/lang/String;I)V,0.00E+00,0,0,0.00E+00,0.00E+00,0,0,0.00E+00
java/util/Locale.<init>(Ljava/lang/String;)V,0.00E+00,0,0,0.00E+00,0.00E+00,0,0,0.00E+00
com/google/common/collect/ImmutableSet.of(Ljava/lang/Object;Ljava/lang/Object;Ljava/lang/Object;Ljava/lang/Object;)Lcom/google/common/collect/ImmutableSet;,0.145180176,0.046153846,0.000588005,0.962765146,0.974858245,0.428571429,0.428571429,0.015880798
com/google/javascript/rhino/jstype/ObjectType.createDelegateSuffix(Ljava/lang/String;)Ljava/lang/String;,0.00E+00,0,0,0.00E+00,0.00E+00,0,0,0.00E+00
com/google/javascript/rhino/SimpleSourceFile.<init>(Ljava/lang/String;Z)V,0.12803688,0.016393443,0.000196155,1,1,1,1,0.014005547
com/google/javascript/rhino/IR.mayBeStatement(Lcom/google/javascript/rhino/Node;)Z,0.12803688,0.016393443,0.000196155,1,1,1,1,0.014005547
com/google/javascript/jscomp/WarningLevel.values()[Lcom/google/javascript/jscomp/WarningLevel;,0.00E+00,0,0,0.00E+00,0.00E+00,0,0,0.00E+00
com/google/javascript/jscomp/CompilationLevel.<init>(Ljava/lang/String;I)V,0.00E+00,0,0,0.00E+00,0.00E+00,0,0,0.00E+00
com/google/javascript/jscomp/graph/GraphNode.setAnnotation(Lcom/google/javascript/jscomp/graph/Annotation;)V,0.12803688,0.016393443,0.000392311,1,1,1,1,0.019806835
com/google/javascript/rhino/Node$StringNode.<init>(ILjava/lang/String;)V,0.286299167,0.081967213,0.012750098,1,1,1,1,0.112916332
com/google/javascript/rhino/Node.matchesQualifiedName(Ljava/lang/String;I)Z,0.12803688,0.016393443,0.001373087,1,1,1,1,0.037055195
com/google/javascript/jscomp/parsing/Annotation.<init>(Ljava/lang/String;I)V,0.00E+00,0,0,0.00E+00,0.00E+00,0,0,0.00E+00
com/google/common/collect/ImmutableSet.of(Ljava/lang/Object;Ljava/lang/Object;Ljava/lang/Object;)Lcom/google/common/collect/ImmutableSet;,0.00E+00,0,0,0.00E+00,0.00E+00,0,0,0.00E+00
com/google/javascript/jscomp/RenameProperties$1.<init>()V,0.00E+00,0,0,0.00E+00,0.00E+00,0,0,0.00E+00
java/lang/Math.min(II)I,0.00E+00,0,0,0.00E+00,0.00E+00,0,0,0.00E+00
java/util/Iterator.next()Ljava/lang/Object;,0.12803688,0.016393443,0.000196155,1,1,1,1,0.014005547
com/google/common/base/Splitter.onPattern(Ljava/lang/String;)Lcom/google/common/base/Splitter;,0.00E+00,0,0,0.00E+00,0.00E+00,0,0,0.00E+00
com/google/javascript/jscomp/ProcessTweaks$TweakFunction.<init>(Ljava/lang/String;ILjava/lang/String;Ljava/lang/String;II)V,0.00E+00,0,0,0.00E+00,0.00E+00,0,0,0.00E+00
com/google/debugging/sourcemap/SourceMapSection$SectionType.<init>(Ljava/lang/String;I)V,0.00E+00,0,0,0.00E+00,0.00E+00,0,0,0.00E+00
com/google/javascript/jscomp/Tracer$1.<init>()V,0.00E+00,0,0,0.00E+00,0.00E+00,0,0,0.00E+00
[Lcom/google/javascript/jscomp/WarningLevel;.clone()Ljava/lang/Object;,0.00E+00,0,0,0.00E+00,0.00E+00,0,0,0.00E+00
[Lcom/google/javascript/jscomp/GlobalNamespace$Ref$Type;.clone()Ljava/lang/Object;,0.00E+00,0,0,0.00E+00,0.00E+00,0,0,0.00E+00
[Lcom/google/javascript/jscomp/SideEffectsAnalysis$LocationAbstractionMode;.clone()Ljava/lang/Object;,0.00E+00,0,0,0.00E+00,0.00E+00,0,0,0.00E+00
com/google/javascript/jscomp/deps/DepsGenerator$InclusionStrategy.<init>(Ljava/lang/String;I)V,0.00E+00,0,0,0.00E+00,0.00E+00,0,0,0.00E+00
com/google/common/collect/Maps.newHashMap()Ljava/util/HashMap;,0.12803688,0.054794521,0.003320961,0.919947507,0.976663762,0.25,0.447368421,0.038623996
com/google/javascript/rhino/JSDocInfo$Visibility.values()[Lcom/google/javascript/rhino/JSDocInfo$Visibility;,0.00E+00,0,0,0.00E+00,0.00E+00,0,0,0.00E+00
com/google/javascript/jscomp/parsing/Annotation.values()[Lcom/google/javascript/jscomp/parsing/Annotation;,0.00E+00,0,0,0.00E+00,0.00E+00,0,0,0.00E+00
com/google/javascript/jscomp/CheckLevel.values()[Lcom/google/javascript/jscomp/CheckLevel;,0.00E+00,0,0,0.00E+00,0.00E+00,0,0,0.00E+00
com/google/javascript/jscomp/SourceFile.getName()Ljava/lang/String;,0.00E+00,0,0,0.00E+00,0.00E+00,0,0,0.00E+00
com/google/javascript/jscomp/JsMessage$Hash.word64At([BI)J,0.12803688,0.016393443,0.000196155,1,1,1,1,0.014005547
com/google/javascript/jscomp/FunctionInjector$CallSiteType.ordinal()I,0.00E+00,0,0,0.00E+00,0.00E+00,0,0,0.00E+00
com/google/javascript/rhino/JSDocInfo.setVisibility(Lcom/google/javascript/rhino/JSDocInfo$Visibility;)V,0.12803688,0.016393443,0.000392311,1,1,1,1,0.019806835
com/google/javascript/jscomp/graph/DiGraph$DiGraphNode.getInEdges()Ljava/util/List;,0.12803688,0.016393443,0.000196155,1,1,1,1,0.014005547
java/lang/Object.getClass()Ljava/lang/Class;,0.12803688,0.016393443,0.001961554,1,1,1,1,0.044289429
com/google/javascript/jscomp/GlobalNamespace$Ref$Type.values()[Lcom/google/javascript/jscomp/GlobalNamespace$Ref$Type;,0.00E+00,0,0,0.00E+00,0.00E+00,0,0,0.00E+00
com/google/common/collect/Sets.newHashSet()Ljava/util/HashSet;,0.147844254,0.032258065,0.001959632,0.985704242,0.990421326,0.666666667,0.666666667,0.036162168
[Lcom/google/debugging/sourcemap/SourceMapFormat;.clone()Ljava/lang/Object;,0.00E+00,0,0,0.00E+00,0.00E+00,0,0,0.00E+00
com/google/javascript/jscomp/NameAnalyzer$TriState.<init>(Ljava/lang/String;I)V,0.00E+00,0,0,0.00E+00,0.00E+00,0,0,0.00E+00
com/google/javascript/jscomp/graph/LinkedDirectedGraph.getDirectedGraphNode(Ljava/lang/Object;)Lcom/google/javascript/jscomp/graph/DiGraph$DiGraphNode;,0.25607376,0.06557377,0.038250294,1,1,1,1,0.195576824
com/google/javascript/jscomp/AnalyzePrototypeProperties$SymbolType.<init>(Ljava/lang/String;I)V,0.00E+00,0,0,0.00E+00,0.00E+00,0,0,0.00E+00
com/google/javascript/rhino/jstype/CanCastToVisitor.<init>()V,0.023376229,0.011111111,0.000195046,0.543130165,0.640641217,0.033333333,0.033333333,0.002557051
com/google/javascript/jscomp/CompilerOptions$TweakProcessing.<init>(Ljava/lang/String;I)V,0.00E+00,0,0,0.00E+00,0.00E+00,0,0,0.00E+00
java/text/MessageFormat.<init>(Ljava/lang/String;)V,0.04267896,0.021582734,0.00275786,0.570073191,0.694578383,0.037037037,0.042134831,0.011134388
com/google/javascript/jscomp/parsing/parser/TokenType.<init>(Ljava/lang/String;I)V,0.00E+00,0,0,0.00E+00,0.00E+00,0,0,0.00E+00
com/google/javascript/jscomp/FunctionInjector$CallSiteType$2.<init>(Ljava/lang/String;I)V,0.00E+00,0,0,0.00E+00,0.00E+00,0,0,0.00E+00
java/lang/Class.desiredAssertionStatus()Z,0.104541675,0.030769231,0.000392003,0.945168539,0.962755562,0.333333333,0.333333333,0.011435481
com/google/javascript/jscomp/graph/LinkedDirectedGraph$LinkedDirectedGraphNode.getOutEdges()Ljava/util/List;,0.221766381,0.049180328,0.018830914,1,1,1,1,0.137225778
java/lang/String.charAt(I)C,0.147844254,0.032258065,0.027508718,0.985704242,0.991357541,0.666666667,0.689320388,0.138565406
com/google/javascript/jscomp/FindExportableNodes$Mode.<init>(Ljava/lang/String;I)V,0.00E+00,0,0,0.00E+00,0.00E+00,0,0,0.00E+00
com/google/common/base/Preconditions.checkArgument(ZLjava/lang/Object;)V,0.25607376,0.06557377,0.002157709,1,1,1,1,0.046451145
com/google/javascript/jscomp/CompilerOptions$TracerMode.ordinal()I,0.00E+00,0,0,0.00E+00,0.00E+00,0,0,0.00E+00
com/google/javascript/jscomp/CodePrinter$Format.<init>(Ljava/lang/String;I)V,0.00E+00,0,0,0.00E+00,0.00E+00,0,0,0.00E+00
com/google/javascript/rhino/Node.createProp(ILjava/lang/Object;Lcom/google/javascript/rhino/Node$PropListItem;)Lcom/google/javascript/rhino/Node$PropListItem;,0.12803688,0.016393443,0.000588466,1,1,1,1,0.02425832
com/google/javascript/jscomp/ControlFlowGraph$Branch.ordinal()I,0.00E+00,0,0,0.00E+00,0.00E+00,0,0,0.00E+00
com/google/javascript/jscomp/InlineVariables$Mode.values()[Lcom/google/javascript/jscomp/InlineVariables$Mode;,0.00E+00,0,0,0.00E+00,0.00E+00,0,0,0.00E+00
com/google/javascript/jscomp/Tracer$Stat.<init>()V,0.00E+00,0,0,0.00E+00,0.00E+00,0,0,0.00E+00
[Lcom/google/javascript/jscomp/parsing/Config$LanguageMode;.clone()Ljava/lang/Object;,0.00E+00,0,0,0.00E+00,0.00E+00,0,0,0.00E+00
com/google/javascript/jscomp/InlineVariables$Mode.<init>(Ljava/lang/String;I)V,0.00E+00,0,0,0.00E+00,0.00E+00,0,0,0.00E+00
com/google/javascript/jscomp/parsing/Config$LanguageMode.ordinal()I,0.00E+00,0,0,0.00E+00,0.00E+00,0,0,0.00E+00
java/lang/System.arraycopy(Ljava/lang/Object;ILjava/lang/Object;II)V,0.00E+00,0,0,0.00E+00,0.00E+00,0,0,0.00E+00
com/google/javascript/jscomp/SourceFile.access$000(Lcom/google/javascript/jscomp/SourceFile;Ljava/lang/String;)V,0.04267896,0.019900498,0.004043274,0.496224634,0.320635989,0.027777778,0.009046455,0.008102894
com/google/javascript/jscomp/InlineVariables$Mode.ordinal()I,0.00E+00,0,0,0.00E+00,0.00E+00,0,0,0.00E+00
com/google/javascript/jscomp/ReferenceCollectingCallback$1.<init>()V,0.00E+00,0,0,0.00E+00,0.00E+00,0,0,0.00E+00
com/google/javascript/jscomp/XtbMessageBundle$SecureEntityResolver.<init>()V,0.090535746,0.016129032,0.000196117,0.97181146,0.981024414,0.5,0.5,0.009903417
com/google/javascript/rhino/Node.getTypeI()Lcom/google/javascript/rhino/TypeI;,0.12803688,0.016393443,0.001765398,1,1,1,1,0.042016642
com/google/javascript/jscomp/JsMessage$Hash.hash64([BIIJ)J,0.12803688,0.016393443,0.000392311,1,1,1,1,0.019806835
com/google/javascript/jscomp/parsing/parser/trees/ParseTreeType.ordinal()I,0.00E+00,0,0,0.00E+00,0.00E+00,0,0,0.00E+00
com/google/javascript/jscomp/SourceMap$Format$1.<init>(Ljava/lang/String;I)V,0.00E+00,0,0,0.00E+00,0.00E+00,0,0,0.00E+00
com/google/javascript/jscomp/CheckLevel.compareTo(Ljava/lang/Enum;)I,0.00E+00,0,0,0.00E+00,0.00E+00,0,0,0.00E+00
com/google/javascript/rhino/IR.unaryOp(ILcom/google/javascript/rhino/Node;)Lcom/google/javascript/rhino/Node;,0.12803688,0.016393443,0.000196155,1,1,1,1,0.014005547
com/google/javascript/jscomp/parsing/parser/TokenType.<init>(Ljava/lang/String;ILjava/lang/String;)V,0.00E+00,0,0,0.00E+00,0.00E+00,0,0,0.00E+00
com/google/javascript/jscomp/CodingConventions$DefaultCodingConvention.<init>()V,0.06401844,0.015625,0.003481625,0.919947507,0.928185804,0.25,0.2,0.026573658
com/google/javascript/jscomp/CompilerOptions$NullAliasTransformationHandler$NullAliasTransformation.<init>()V,0.00E+00,0,0,0.00E+00,0.00E+00,0,0,0.00E+00
com/google/javascript/jscomp/parsing/parser/trees/ParseTreeType.values()[Lcom/google/javascript/jscomp/parsing/parser/trees/ParseTreeType;,0.00E+00,0,0,0.00E+00,0.00E+00,0,0,0.00E+00
com/google/javascript/jscomp/AbstractCompiler$ConfigContext.ordinal()I,0.00E+00,0,0,0.00E+00,0.00E+00,0,0,0.00E+00
com/google/javascript/jscomp/RuntimeTypeCheck$1.<init>()V,0.00E+00,0,0,0.00E+00,0.00E+00,0,0,0.00E+00
com/google/javascript/jscomp/RenameVars$2.<init>()V,0.00E+00,0,0,0.00E+00,0.00E+00,0,0,0.00E+00
java/util/Collections.unmodifiableCollection(Ljava/util/Collection;)Ljava/util/Collection;,0.12803688,0.016393443,0.000196155,1,1,1,1,0.014005547
com/google/javascript/rhino/Node.extractLineno(I)I,0.181071492,0.032786885,0.001961554,1,1,1,1,0.044289429
com/google/javascript/rhino/Node.getString()Ljava/lang/String;,0.12803688,0.016393443,0.002353864,1,1,1,1,0.048516639
com/google/javascript/jscomp/Requirement$Type.values()[Lcom/google/javascript/jscomp/Requirement$Type;,0.00E+00,0,0,0.00E+00,0.00E+00,0,0,0.00E+00
com/google/javascript/jscomp/ProcessTweaks$TweakFunction.<init>(Ljava/lang/String;ILjava/lang/String;)V,0.00E+00,0,0,0.00E+00,0.00E+00,0,0,0.00E+00
com/google/javascript/rhino/JSDocInfo$LazilyInitializedInfo.<init>()V,0.181071492,0.032786885,0.000392311,1,1,1,1,0.019806835
com/google/javascript/jscomp/JSError.getCharno()I,0.00E+00,0,0,0.00E+00,0.00E+00,0,0,0.00E+00
com/google/javascript/jscomp/JsMessage$Builder.<init>(Ljava/lang/String;)V,0.12803688,0.016393443,0.000392311,1,1,1,1,0.019806835
java/util/Map.get(Ljava/lang/Object;)Ljava/lang/Object;,0.25607376,0.06557377,0.057669674,1,1,1,1,0.240145111
java/lang/String.toCharArray()[C,0.00E+00,0,0,0.00E+00,0.00E+00,0,0,0.00E+00
com/google/javascript/jscomp/DotFormatter.toDot(Lcom/google/javascript/rhino/Node;Lcom/google/javascript/jscomp/ControlFlowGraph;)Ljava/lang/String;,0.12803688,0.016393443,0.000196155,1,1,1,1,0.014005547
java/util/regex/Pattern.compile(Ljava/lang/String;)Ljava/util/regex/Pattern;,0.068438591,0.02739726,0.000391083,0.851761847,0.865995065,0.142857143,0.111111111,0.006602278
com/google/javascript/rhino/JSDocInfoBuilder.populateDefaults(Lcom/google/javascript/rhino/JSDocInfo;)V,0.12803688,0.016393443,0.000392311,1,1,1,1,0.019806835
com/google/javascript/jscomp/DotFormatter.name(Lcom/google/javascript/rhino/Node;)Ljava/lang/String;,0.12803688,0.016393443,0.001765398,1,1,1,1,0.042016642
com/google/javascript/jscomp/CompilerOptions$ExtractPrototypeMemberDeclarationsMode.values()[Lcom/google/javascript/jscomp/CompilerOptions$ExtractPrototypeMemberDeclarationsMode;,0.00E+00,0,0,0.00E+00,0.00E+00,0,0,0.00E+00
java/lang/String.substring(II)Ljava/lang/String;,0.12803688,0.016393443,0.000980777,1,1,1,1,0.031317356
com/google/javascript/jscomp/SourceFile.<init>(Ljava/lang/String;)V,0.04267896,0.019900498,0.004043274,0.496224634,0.320635989,0.027777778,0.009046455,0.008102894
com/google/javascript/jscomp/SourceMap$Format.<init>(Ljava/lang/String;ILcom/google/javascript/jscomp/SourceMap$1;)V,0.00E+00,0,0,0.00E+00,0.00E+00,0,0,0.00E+00
com/google/javascript/rhino/jstype/TernaryValue$3.<init>(Ljava/lang/String;I)V,0.045267873,0.014705882,0.000195886,0.831225296,0.88074814,0.125,0.125,0.004951709
com/google/javascript/jscomp/regex/CharRanges.<init>([I)V,0.00E+00,0,0,0.00E+00,0.00E+00,0,0,0.00E+00
[Lcom/google/javascript/jscomp/parsing/parser/TokenType;.clone()Ljava/lang/Object;,0.00E+00,0,0,0.00E+00,0.00E+00,0,0,0.00E+00
com/google/javascript/jscomp/DotFormatter.<init>(Lcom/google/javascript/rhino/Node;Lcom/google/javascript/jscomp/ControlFlowGraph;Ljava/lang/Appendable;Z)V,0.12803688,0.016393443,0.000196155,1,1,1,1,0.014005547
com/google/javascript/rhino/Node.toStringTree()Ljava/lang/String;,0.12803688,0.016393443,0.000784621,1,1,1,1,0.028011095
java/util/AbstractSet.<init>()V,0.00E+00,0,0,0.00E+00,0.00E+00,0,0,0.00E+00
com/google/javascript/jscomp/PropertyRenamingPolicy.ordinal()I,0.00E+00,0,0,0.00E+00,0.00E+00,0,0,0.00E+00
com/google/javascript/jscomp/PhaseOptimizer$State.<init>(Ljava/lang/String;I)V,0.00E+00,0,0,0.00E+00,0.00E+00,0,0,0.00E+00
com/google/javascript/jscomp/DotFormatter.<init>()V,0.12803688,0.016393443,0.000392311,1,1,1,1,0.019806835
com/google/javascript/jscomp/ProcessTweaks$TweakFunction.values()[Lcom/google/javascript/jscomp/ProcessTweaks$TweakFunction;,0.00E+00,0,0,0.00E+00,0.00E+00,0,0,0.00E+00
com/google/javascript/jscomp/ExtractPrototypeMemberDeclarations$Pattern.<init>(Ljava/lang/String;IIII)V,0.00E+00,0,0,0.00E+00,0.00E+00,0,0,0.00E+00
com/google/javascript/jscomp/parsing/parser/trees/ComprehensionTree$ComprehensionType.<init>(Ljava/lang/String;I)V,0.00E+00,0,0,0.00E+00,0.00E+00,0,0,0.00E+00
java/util/Arrays.fill([II)V,0.147844254,0.032258065,0.000392234,0.985704242,0.990421326,0.666666667,0.666666667,0.016172213
com/google/javascript/jscomp/SourceMap$Format$2.<init>(Ljava/lang/String;I)V,0.00E+00,0,0,0.00E+00,0.00E+00,0,0,0.00E+00
com/google/javascript/rhino/jstype/FunctionType$Kind.<init>(Ljava/lang/String;I)V,0.00E+00,0,0,0.00E+00,0.00E+00,0,0,0.00E+00
java/util/ArrayDeque.<init>()V,0.12803688,0.016393443,0.000392311,1,1,1,1,0.019806835
com/google/common/base/Predicates.alwaysTrue()Lcom/google/common/base/Predicate;,0.12803688,0.016393443,0.000196155,1,1,1,1,0.014005547
com/google/javascript/jscomp/parsing/TypeTransformationParser$Keywords.values()[Lcom/google/javascript/jscomp/parsing/TypeTransformationParser$Keywords;,0.00E+00,0,0,0.00E+00,0.00E+00,0,0,0.00E+00
com/google/javascript/jscomp/graph/FixedPointGraphTraversal.newTraversal(Lcom/google/javascript/jscomp/graph/FixedPointGraphTraversal$EdgeCallback;)Lcom/google/javascript/jscomp/graph/FixedPointGraphTraversal;,0.12803688,0.016393443,0.000196155,1,1,1,1,0.014005547
java/util/List.add(Ljava/lang/Object;)Z,0.221766381,0.049180328,0.037661828,1,1,1,1,0.194066556
com/google/javascript/rhino/Node$FileLevelJsDocBuilder.<init>(Lcom/google/javascript/rhino/Node;)V,0.12803688,0.016393443,0.000196155,1,1,1,1,0.014005547
com/google/javascript/rhino/Node.getIntProp(I)I,0.12803688,0.016393443,0.003334641,1,1,1,1,0.057746351
[Lcom/google/javascript/rhino/jstype/TernaryValue;.clone()Ljava/lang/Object;,0.00E+00,0,0,0.00E+00,0.00E+00,0,0,0.00E+00
java/util/Set.iterator()Ljava/util/Iterator;,0.12803688,0.016393443,0.000392311,1,1,1,1,0.019806835
com/google/javascript/jscomp/graph/LinkedDirectedGraph.<init>(ZZ)V,0.25607376,0.06557377,0.004119262,1,1,1,1,0.064181481
com/google/javascript/rhino/jstype/BooleanLiteralSet.<init>(Ljava/lang/String;I)V,0.00E+00,0,0,0.00E+00,0.00E+00,0,0,0.00E+00
com/google/javascript/rhino/JSDocInfo.setConstant(Z)V,0.12803688,0.016393443,0.000196155,1,1,1,1,0.014005547
com/google/javascript/jscomp/parsing/TypeTransformationParser$OperationKind.<init>(Ljava/lang/String;I)V,0.00E+00,0,0,0.00E+00,0.00E+00,0,0,0.00E+00
com/google/javascript/jscomp/parsing/JsDocInfoParser$State.<init>(Ljava/lang/String;I)V,0.00E+00,0,0,0.00E+00,0.00E+00,0,0,0.00E+00
[Lcom/google/javascript/jscomp/parsing/TypeTransformationParser$OperationKind;.clone()Ljava/lang/Object;,0.00E+00,0,0,0.00E+00,0.00E+00,0,0,0.00E+00
com/google/javascript/jscomp/RenameVars$1.<init>()V,0.00E+00,0,0,0.00E+00,0.00E+00,0,0,0.00E+00
com/google/javascript/jscomp/CheckLevel.ordinal()I,0.00E+00,0,0,0.00E+00,0.00E+00,0,0,0.00E+00
com/google/javascript/rhino/Node.putIntProp(II)V,0.12803688,0.016393443,0.001569243,1,1,1,1,0.03961367
com/google/javascript/rhino/Node.getSortedPropTypes()[I,0.181071492,0.032786885,0.001765398,1,1,1,1,0.042016642
com/google/javascript/jscomp/CompilerInput.<init>(Lcom/google/javascript/jscomp/SourceAst;Lcom/google/javascript/rhino/InputId;Z)V,0.00E+00,0,0,0.00E+00,0.00E+00,0,0,0.00E+00
com/google/javascript/rhino/Node.getType()I,0.25607376,0.06557377,0.008826991,1,1,1,1,0.093952067
com/google/javascript/jscomp/graph/DiGraph.getNode(Ljava/lang/Object;)Lcom/google/javascript/jscomp/graph/GraphNode;,0.12803688,0.016393443,0.000196155,1,1,1,1,0.014005547
java/lang/IllegalArgumentException.<init>()V,0.00E+00,0,0,0.00E+00,0.00E+00,0,0,0.00E+00
com/google/javascript/rhino/Node$ObjectPropListItem.<init>(ILjava/lang/Object;Lcom/google/javascript/rhino/Node$PropListItem;)V,0.12803688,0.016393443,0.000588466,1,1,1,1,0.02425832
com/google/javascript/rhino/JSDocInfo.isConstructor()Z,0.12803688,0.016393443,0.000392311,1,1,1,1,0.019806835
com/google/javascript/rhino/jstype/JSTypeNative.<init>(Ljava/lang/String;I)V,0.00E+00,0,0,0.00E+00,0.00E+00,0,0,0.00E+00
com/google/javascript/jscomp/CheckPathsBetweenNodes$4.<init>()V,0.00E+00,0,0,0.00E+00,0.00E+00,0,0,0.00E+00
com/google/javascript/jscomp/parsing/TypeTransformationParser$OperationKind.ordinal()I,0.00E+00,0,0,0.00E+00,0.00E+00,0,0,0.00E+00
com/google/javascript/jscomp/graph/LinkedDirectedGraph$AnnotatedLinkedDirectedGraphNode.<init>(Ljava/lang/Object;)V,0.25607376,0.06557377,0.018438603,1,1,1,1,0.135788819
com/google/javascript/jscomp/JSError.<init>(Ljava/lang/String;Lcom/google/javascript/rhino/Node;IILcom/google/javascript/jscomp/DiagnosticType;Lcom/google/javascript/jscomp/CheckLevel;[Ljava/lang/String;)V,0.00E+00,0,0,0.00E+00,0.00E+00,0,0,0.00E+00
com/google/javascript/jscomp/newtypes/ObjectType.<init>(Lcom/google/javascript/jscomp/newtypes/NominalType;Lcom/google/javascript/jscomp/newtypes/PersistentMap;Lcom/google/javascript/jscomp/newtypes/FunctionType;ZLcom/google/javascript/jscomp/newtypes/ObjectKind;)V,0.00E+00,0,0,0.00E+00,0.00E+00,0,0,0.00E+00
com/google/javascript/jscomp/FunctionInjector$CallSiteType$3.<init>(Ljava/lang/String;I)V,0.00E+00,0,0,0.00E+00,0.00E+00,0,0,0.00E+00
com/google/javascript/jscomp/CompilerOptions$NullAliasTransformationHandler$NullAliasTransformation.<init>(Lcom/google/javascript/jscomp/CompilerOptions$1;)V,0.00E+00,0,0,0.00E+00,0.00E+00,0,0,0.00E+00
java/lang/StringBuilder.<init>(Ljava/lang/String;)V,0.12803688,0.016393443,0.000392311,1,1,1,1,0.019806835
com/google/javascript/jscomp/ErrorFormat$4.<init>(Ljava/lang/String;I)V,0.135803619,0.045454545,0.000587889,0.953885697,0.968769106,0.375,0.375,0.014855126
com/google/javascript/jscomp/parsing/parser/trees/Comment$Type.<init>(Ljava/lang/String;I)V,0.00E+00,0,0,0.00E+00,0.00E+00,0,0,0.00E+00
com/google/javascript/rhino/jstype/TernaryValue.values()[Lcom/google/javascript/rhino/jstype/TernaryValue;,0.00E+00,0,0,0.00E+00,0.00E+00,0,0,0.00E+00
com/google/javascript/jscomp/AbstractMessageFormatter$Color.<init>(Ljava/lang/String;ILjava/lang/String;)V,0.00E+00,0,0,0.00E+00,0.00E+00,0,0,0.00E+00
com/google/javascript/jscomp/newtypes/JSType.<init>()V,0.00E+00,0,0,0.00E+00,0.00E+00,0,0,0.00E+00
com/google/javascript/jscomp/FunctionInjector$CallSiteType$1.<init>(Ljava/lang/String;I)V,0.00E+00,0,0,0.00E+00,0.00E+00,0,0,0.00E+00
com/google/javascript/jscomp/NodeUtil$ValueType.values()[Lcom/google/javascript/jscomp/NodeUtil$ValueType;,0.00E+00,0,0,0.00E+00,0.00E+00,0,0,0.00E+00
com/google/javascript/rhino/Node.newString(Ljava/lang/String;)Lcom/google/javascript/rhino/Node;,0.12803688,0.016393443,0.000588466,1,1,1,1,0.02425832
com/google/javascript/jscomp/SourceFile.setCode(Ljava/lang/String;)V,0.04267896,0.019900498,0.004043274,0.496224634,0.320635989,0.027777778,0.009046455,0.008102894
com/google/javascript/jscomp/VariableVisibilityAnalysis$VariableVisibility.ordinal()I,0.00E+00,0,0,0.00E+00,0.00E+00,0,0,0.00E+00
com/google/javascript/jscomp/graph/Graph.getNode(Ljava/lang/Object;)Lcom/google/javascript/jscomp/graph/GraphNode;,0.221766381,0.049180328,0.038054139,1,1,1,1,0.195074701
com/google/javascript/jscomp/CompilerOptions$LanguageMode.<init>(Ljava/lang/String;I)V,0.032579839,0.015228426,0.003471074,0.431975351,0.532803196,0.021582734,0.021582734,0.009428942
com/google/javascript/jscomp/regex/CharRanges.intArrayToRanges([I)[I,0.00E+00,0,0,0.00E+00,0.00E+00,0,0,0.00E+00
com/google/javascript/jscomp/graph/FixedPointGraphTraversal.computeFixedPoint(Lcom/google/javascript/jscomp/graph/DiGraph;Ljava/lang/Object;)V,0.12803688,0.016393443,0.000196155,1,1,1,1,0.014005547
[Lcom/google/javascript/jscomp/ControlFlowGraph$Branch;.clone()Ljava/lang/Object;,0.00E+00,0,0,0.00E+00,0.00E+00,0,0,0.00E+00
java/util/Arrays.binarySearch([II)I,0.00E+00,0,0,0.00E+00,0.00E+00,0,0,0.00E+00
com/google/javascript/rhino/JSDocInfo.isConstant()Z,0.12803688,0.016393443,0.000588466,1,1,1,1,0.02425832
com/google/javascript/rhino/IR.mayBeExpression(Lcom/google/javascript/rhino/Node;)Z,0.181071492,0.032786885,0.001569243,1,1,1,1,0.03961367
[Lcom/google/javascript/jscomp/ProcessTweaks$TweakFunction;.clone()Ljava/lang/Object;,0.00E+00,0,0,0.00E+00,0.00E+00,0,0,0.00E+00
java/util/Map.values()Ljava/util/Collection;,0.12803688,0.016393443,0.000196155,1,1,1,1,0.014005547
com/google/javascript/rhino/jstype/TernaryValue.<init>(Ljava/lang/String;ILcom/google/javascript/rhino/jstype/TernaryValue$1;)V,0.045267873,0.014705882,0.000586052,0.831225296,0.88074814,0.125,0.125,0.008576611
com/google/javascript/jscomp/PropertyRenamingPolicy.<init>(Ljava/lang/String;I)V,0.00E+00,0,0,0.00E+00,0.00E+00,0,0,0.00E+00
com/google/javascript/jscomp/TypeMatchingStrategy.<init>(Ljava/lang/String;IZZZ)V,0.00E+00,0,0,0.00E+00,0.00E+00,0,0,0.00E+00
com/google/javascript/rhino/JSDocInfo.isInterface()Z,0.12803688,0.016393443,0.000392311,1,1,1,1,0.019806835
com/google/javascript/rhino/InputId.<init>(Ljava/lang/String;)V,0.00E+00,0,0,0.00E+00,0.00E+00,0,0,0.00E+00
com/google/common/collect/Lists.newLinkedList()Ljava/util/LinkedList;,0.181071492,0.032786885,0.001373087,1,1,1,1,0.037055195
com/google/javascript/jscomp/parsing/parser/Parser$PatternKind.<init>(Ljava/lang/String;I)V,0.00E+00,0,0,0.00E+00,0.00E+00,0,0,0.00E+00
com/google/javascript/jscomp/graph/Graph.<init>()V,0.286299167,0.081967213,0.006865437,1,1,1,1,0.082857935
com/google/javascript/jscomp/WarningLevel.<init>(Ljava/lang/String;I)V,0.00E+00,0,0,0.00E+00,0.00E+00,0,0,0.00E+00
com/google/javascript/rhino/jstype/TernaryValue.<init>(Ljava/lang/String;I)V,0.045267873,0.014705882,0.000586052,0.831225296,0.88074814,0.125,0.125,0.008576611
com/google/javascript/jscomp/parsing/parser/Keywords.<init>(Ljava/lang/String;ILjava/lang/String;Lcom/google/javascript/jscomp/parsing/parser/TokenType;)V,0.00E+00,0,0,0.00E+00,0.00E+00,0,0,0.00E+00
com/google/javascript/rhino/Node.removeProp(Lcom/google/javascript/rhino/Node$PropListItem;I)Lcom/google/javascript/rhino/Node$PropListItem;,0.12803688,0.016393443,0.003334641,1,1,1,1,0.057746351
java/util/concurrent/CopyOnWriteArrayList.<init>()V,0.00E+00,0,0,0.00E+00,0.00E+00,0,0,0.00E+00
com/google/javascript/rhino/StaticSourceFile.getName()Ljava/lang/String;,0.12803688,0.016393443,0.001176932,1,1,1,1,0.034306444
com/google/javascript/jscomp/DotFormatter.formatNodeName(Ljava/lang/Integer;)Ljava/lang/String;,0.12803688,0.016393443,0.001765398,1,1,1,1,0.042016642
com/google/javascript/rhino/Node.setJSDocInfo(Lcom/google/javascript/rhino/JSDocInfo;)Lcom/google/javascript/rhino/Node;,0.12803688,0.016393443,0.000392311,1,1,1,1,0.019806835
com/google/javascript/jscomp/ErrorFormat.<init>(Ljava/lang/String;I)V,0.135803619,0.045454545,0.002344666,0.953885697,0.968769106,0.375,0.375,0.029710252
com/google/common/base/Preconditions.checkNotNull(Ljava/lang/Object;)Ljava/lang/Object;,0.181071492,0.032786885,0.000784621,1,1,1,1,0.028011095
com/google/javascript/jscomp/GlobalNamespace$Ref$Type.<init>(Ljava/lang/String;I)V,0.057259833,0.015384615,0.001365587,0.896037495,0.928185804,0.2,0.2,0.016571587
com/google/javascript/jscomp/CompilerOptions$ExtractPrototypeMemberDeclarationsMode.ordinal()I,0.00E+00,0,0,0.00E+00,0.00E+00,0,0,0.00E+00
com/google/debugging/sourcemap/SourceMapFormat.<init>(Ljava/lang/String;I)V,0.00E+00,0,0,0.00E+00,0.00E+00,0,0,0.00E+00
java/util/Arrays.sort([I)V,0.062107009,0.026315789,0.001719198,0.82132396,0.772536202,0.117647059,0.061643836,0.010431966
com/google/javascript/jscomp/CheckLevel.<init>(Ljava/lang/String;I)V,0.040946332,0.020547945,0.0016813,0.548895076,0.645977718,0.034090909,0.034090909,0.007757837
com/google/javascript/jscomp/JsMessage$Hash.hash64([BJ)J,0.12803688,0.016393443,0.000392311,1,1,1,1,0.019806835
com/google/javascript/jscomp/VariableVisibilityAnalysis$VariableVisibility.<init>(Ljava/lang/String;I)V,0.00E+00,0,0,0.00E+00,0.00E+00,0,0,0.00E+00
com/google/javascript/rhino/JSDocInfo.setAssociatedNode(Lcom/google/javascript/rhino/Node;)V,0.12803688,0.016393443,0.000392311,1,1,1,1,0.019806835
com/google/javascript/rhino/IR.block()Lcom/google/javascript/rhino/Node;,0.12803688,0.016393443,0.000196155,1,1,1,1,0.014005547
com/google/javascript/rhino/Node.<init>(I)V,0.286299167,0.081967213,0.018046293,1,1,1,1,0.13433649
java/lang/StringBuilder.append(I)Ljava/lang/StringBuilder;,0.00E+00,0,0,0.00E+00,0.00E+00,0,0,0.00E+00
com/google/debugging/sourcemap/Base64VLQ.toVLQSigned(I)I,0.12803688,0.016393443,0.000980777,1,1,1,1,0.031317356
com/google/javascript/rhino/IR.script()Lcom/google/javascript/rhino/Node;,0.12803688,0.016393443,0.000392311,1,1,1,1,0.019806835
com/google/javascript/rhino/jstype/TernaryValue.ordinal()I,0.00E+00,0,0,0.00E+00,0.00E+00,0,0,0.00E+00
java/util/ArrayList.<init>()V,0.286299167,0.081967213,0.039231071,1,1,1,1,0.198068349
com/google/javascript/jscomp/graph/GraphReachability$1.<init>()V,0.090535746,0.016129032,0.000196117,0.97181146,0.981024414,0.5,0.5,0.009903417
com/google/javascript/jscomp/graph/Graph.isConnected(Ljava/lang/Object;Ljava/lang/Object;Ljava/lang/Object;)Z,0.12803688,0.016393443,0.000196155,1,1,1,1,0.014005547
com/google/javascript/rhino/Node.getJSDocInfo()Lcom/google/javascript/rhino/JSDocInfo;,0.181071492,0.032786885,0.00255002,1,1,1,1,0.050497719
com/google/javascript/jscomp/newtypes/MaskType.<init>(I)V,0.00E+00,0,0,0.00E+00,0.00E+00,0,0,0.00E+00
com/google/javascript/rhino/Node.toStringTreeImpl()Ljava/lang/String;,0.181071492,0.032786885,0.001765398,1,1,1,1,0.042016642
com/google/javascript/jscomp/SideEffectsAnalysis$DegenerateLocationAbstraction$DegenerateEffectLocation.<init>(Lcom/google/javascript/jscomp/SideEffectsAnalysis$1;)V,0.00E+00,0,0,0.00E+00,0.00E+00,0,0,0.00E+00
com/google/javascript/rhino/JSDocInfo.isDefine()Z,0.12803688,0.016393443,0.000392311,1,1,1,1,0.019806835
com/google/javascript/rhino/JSDocInfo.getVisibility()Lcom/google/javascript/rhino/JSDocInfo$Visibility;,0.12803688,0.016393443,0.001176932,1,1,1,1,0.034306444
com/google/javascript/jscomp/ErrorFormat.toFormatter(Lcom/google/javascript/jscomp/SourceExcerptProvider;Z)Lcom/google/javascript/jscomp/MessageFormatter;,0.221766381,0.049180328,0.00549235,1,1,1,1,0.07411039
com/google/javascript/jscomp/DotFormatter.key(Lcom/google/javascript/rhino/Node;)I,0.12803688,0.016393443,0.000196155,1,1,1,1,0.014005547
com/google/javascript/rhino/Node.getFirstChild()Lcom/google/javascript/rhino/Node;,0.221766381,0.049180328,0.001961554,1,1,1,1,0.044289429
com/google/javascript/jscomp/graph/DiGraph$DiGraphNode.getOutEdges()Ljava/util/List;,0.12803688,0.016393443,0.000196155,1,1,1,1,0.014005547
com/google/javascript/jscomp/DiagnosticType.warning(Ljava/lang/String;Ljava/lang/String;)Lcom/google/javascript/jscomp/DiagnosticType;,0.037352197,0.018867925,0.001714612,0.605092792,0.754986927,0.042553191,0.05625,0.009965122
com/google/javascript/rhino/JSDocInfoBuilder.<init>(Lcom/google/javascript/rhino/JSDocInfo;ZZ)V,0.12803688,0.016393443,0.000784621,1,1,1,1,0.028011095
com/google/javascript/rhino/Node.isName()Z,0.181071492,0.032786885,0.001373087,1,1,1,1,0.037055195
com/google/javascript/jscomp/newtypes/EnumType$State.<init>(Ljava/lang/String;I)V,0.00E+00,0,0,0.00E+00,0.00E+00,0,0,0.00E+00
com/google/javascript/jscomp/newtypes/ObjectKind.<init>(I)V,0.00E+00,0,0,0.00E+00,0.00E+00,0,0,0.00E+00
com/google/javascript/jscomp/CssRenamingMap$Style.<init>(Ljava/lang/String;I)V,0.00E+00,0,0,0.00E+00,0.00E+00,0,0,0.00E+00
java/lang/String.startsWith(Ljava/lang/String;)Z,0.181071492,0.032786885,0.001176932,1,1,1,1,0.034306444
com/google/javascript/jscomp/ProcessTweaks$TweakFunction.<init>(Ljava/lang/String;ILjava/lang/String;Ljava/lang/String;IILcom/google/javascript/jscomp/ProcessTweaks$TweakFunction;)V,0.00E+00,0,0,0.00E+00,0.00E+00,0,0,0.00E+00
java/lang/IllegalArgumentException.<init>(Ljava/lang/String;)V,0.00E+00,0,0,0.00E+00,0.00E+00,0,0,0.00E+00
com/google/javascript/rhino/jstype/BooleanLiteralSet.ordinal()I,0.00E+00,0,0,0.00E+00,0.00E+00,0,0,0.00E+00
com/google/javascript/jscomp/FunctionInjector$InliningMode.<init>(Ljava/lang/String;I)V,0.090535746,0.016129032,0.000392157,0.97181146,0.981024414,0.5,0.5,0.014005547
java/lang/ThreadLocal.<init>()V,0.00E+00,0,0,0.00E+00,0.00E+00,0,0,0.00E+00
com/google/javascript/jscomp/CssRenamingMap$Style.values()[Lcom/google/javascript/jscomp/CssRenamingMap$Style;,0.00E+00,0,0,0.00E+00,0.00E+00,0,0,0.00E+00
com/google/javascript/jscomp/ClosureCodingConvention.<init>()V,0.00E+00,0,0,0.00E+00,0.00E+00,0,0,0.00E+00
com/google/javascript/jscomp/AbstractCompiler$ConfigContext.values()[Lcom/google/javascript/jscomp/AbstractCompiler$ConfigContext;,0.00E+00,0,0,0.00E+00,0.00E+00,0,0,0.00E+00
com/google/javascript/jscomp/ConformanceRules$ConformanceResult.<init>(Ljava/lang/String;I)V,0.00E+00,0,0,0.00E+00,0.00E+00,0,0,0.00E+00
com/google/javascript/jscomp/newtypes/Property$Attribute.<init>(Ljava/lang/String;I)V,0.00E+00,0,0,0.00E+00,0.00E+00,0,0,0.00E+00
com/google/javascript/jscomp/FunctionInjector$CallSiteType$5.<init>(Ljava/lang/String;I)V,0.00E+00,0,0,0.00E+00,0.00E+00,0,0,0.00E+00
com/google/javascript/jscomp/NodeNameExtractor.<init>(C)V,0.00E+00,0,0,0.00E+00,0.00E+00,0,0,0.00E+00
com/google/javascript/jscomp/deps/ClosureBundler$Mode.<init>(Ljava/lang/String;I)V,0.00E+00,0,0,0.00E+00,0.00E+00,0,0,0.00E+00
java/lang/StringBuilder.append(C)Ljava/lang/StringBuilder;,0.00E+00,0,0,0.00E+00,0.00E+00,0,0,0.00E+00
com/google/javascript/jscomp/LightweightMessageFormatter.withoutSource()Lcom/google/javascript/jscomp/LightweightMessageFormatter;,0.221766381,0.049180328,0.00549235,1,1,1,1,0.07411039
com/google/javascript/rhino/jstype/BooleanLiteralSet.fromOrdinal(I)Lcom/google/javascript/rhino/jstype/BooleanLiteralSet;,0.00E+00,0,0,0.00E+00,0.00E+00,0,0,0.00E+00
com/google/common/base/Splitter.on(C)Lcom/google/common/base/Splitter;,0.00E+00,0,0,0.00E+00,0.00E+00,0,0,0.00E+00
com/google/javascript/jscomp/graph/UndiGraph.<init>()V,0.181071492,0.032786885,0.002746175,1,1,1,1,0.052403959
com/google/javascript/jscomp/newtypes/PersistentMap.create()Lcom/google/javascript/jscomp/newtypes/PersistentMap;,0.00E+00,0,0,0.00E+00,0.00E+00,0,0,0.00E+00
com/google/common/collect/Sets.newTreeSet(Ljava/util/Comparator;)Ljava/util/TreeSet;,0.12803688,0.016393443,0.005688505,1,1,1,1,0.07542218
com/google/javascript/jscomp/newtypes/PersistentMap.<init>()V,0.00E+00,0,0,0.00E+00,0.00E+00,0,0,0.00E+00
com/google/javascript/rhino/jstype/TernaryValue$2.<init>(Ljava/lang/String;I)V,0.045267873,0.014705882,0.000195886,0.831225296,0.88074814,0.125,0.125,0.004951709
com/google/javascript/jscomp/parsing/TypeTransformationParser$Keywords.<init>(Ljava/lang/String;ILjava/lang/String;IILcom/google/javascript/jscomp/parsing/TypeTransformationParser$OperationKind;)V,0.00E+00,0,0,0.00E+00,0.00E+00,0,0,0.00E+00
java/util/Objects.hash([Ljava/lang/Object;)I,0.12803688,0.016393443,0.000196155,1,1,1,1,0.014005547
com/google/javascript/rhino/JSDocInfo.makesDicts()Z,0.12803688,0.016393443,0.000392311,1,1,1,1,0.019806835
com/google/javascript/jscomp/DeadAssignmentsElimination$VariableLiveness.<init>(Ljava/lang/String;I)V,0.00E+00,0,0,0.00E+00,0.00E+00,0,0,0.00E+00
com/google/javascript/rhino/Node.getJSType()Lcom/google/javascript/rhino/jstype/JSType;,0.12803688,0.016393443,0.000196155,1,1,1,1,0.014005547
com/google/javascript/jscomp/parsing/JsDocToken.<init>(Ljava/lang/String;I)V,0.090535746,0.016129032,0.004102364,0.97181146,0.981024414,0.5,0.5,0.04538316
java/lang/Object.clone()Ljava/lang/Object;,0.12803688,0.016393443,0.000392311,1,1,1,1,0.019806835
[Lcom/google/javascript/jscomp/CheckLevel;.clone()Ljava/lang/Object;,0.00E+00,0,0,0.00E+00,0.00E+00,0,0,0.00E+00
com/google/javascript/rhino/Node$PropListItem.getIntValue()I,0.12803688,0.016393443,0.001961554,1,1,1,1,0.044289429
com/google/common/base/Preconditions.checkState(ZLjava/lang/Object;)V,0.12803688,0.016393443,0.000588466,1,1,1,1,0.02425832
com/google/javascript/jscomp/SourceExcerptProvider$SourceExcerpt$1.<init>(Ljava/lang/String;I)V,0.00E+00,0,0,0.00E+00,0.00E+00,0,0,0.00E+00
com/google/javascript/jscomp/CompilerOptions$LanguageMode.values()[Lcom/google/javascript/jscomp/CompilerOptions$LanguageMode;,0.00E+00,0,0,0.00E+00,0.00E+00,0,0,0.00E+00
com/google/javascript/rhino/IR.mayBeStatementNoReturn(Lcom/google/javascript/rhino/Node;)Z,0.12803688,0.016393443,0.000588466,1,1,1,1,0.02425832
[Lcom/google/javascript/jscomp/CompilerOptions$Reach;.clone()Ljava/lang/Object;,0.00E+00,0,0,0.00E+00,0.00E+00,0,0,0.00E+00
com/google/javascript/jscomp/VariableVisibilityAnalysis$VariableVisibility.values()[Lcom/google/javascript/jscomp/VariableVisibilityAnalysis$VariableVisibility;,0.00E+00,0,0,0.00E+00,0.00E+00,0,0,0.00E+00
com/google/javascript/jscomp/CompilerOptions$Reach.values()[Lcom/google/javascript/jscomp/CompilerOptions$Reach;,0.00E+00,0,0,0.00E+00,0.00E+00,0,0,0.00E+00
com/google/javascript/jscomp/graph/LinkedDirectedGraph$LinkedDirectedGraphEdge.<init>(Lcom/google/javascript/jscomp/graph/DiGraph$DiGraphNode;Ljava/lang/Object;Lcom/google/javascript/jscomp/graph/DiGraph$DiGraphNode;)V,0.221766381,0.049180328,0.018830914,1,1,1,1,0.137225778
com/google/javascript/jscomp/regex/CharRanges.difference(Lcom/google/javascript/jscomp/regex/CharRanges;)Lcom/google/javascript/jscomp/regex/CharRanges;,0.00E+00,0,0,0.00E+00,0.00E+00,0,0,0.00E+00
com/google/javascript/rhino/IR.declaration(Lcom/google/javascript/rhino/Node;I)Lcom/google/javascript/rhino/Node;,0.12803688,0.016393443,0.000196155,1,1,1,1,0.014005547
[Lcom/google/javascript/jscomp/CompilerOptions$LanguageMode;.clone()Ljava/lang/Object;,0.00E+00,0,0,0.00E+00,0.00E+00,0,0,0.00E+00
com/google/javascript/jscomp/CommandLineRunner$FormattingOption.<init>(Ljava/lang/String;I)V,0.00E+00,0,0,0.00E+00,0.00E+00,0,0,0.00E+00
java/util/HashMap.put(Ljava/lang/Object;Ljava/lang/Object;)Ljava/lang/Object;,0.12803688,0.016393443,0.001765398,1,1,1,1,0.042016642
com/google/javascript/jscomp/WarningsGuard$Priority.<init>(Ljava/lang/String;II)V,0.00E+00,0,0,0.00E+00,0.00E+00,0,0,0.00E+00
com/google/javascript/jscomp/AnonymousFunctionNamingPolicy.<init>(Ljava/lang/String;I[C)V,0.00E+00,0,0,0.00E+00,0.00E+00,0,0,0.00E+00
com/google/javascript/jscomp/JsMessage$Hash.mix64(JJJ)J,0.12803688,0.016393443,0.000392311,1,1,1,1,0.019806835
com/google/javascript/jscomp/CheckLevelLegacy.<init>(Ljava/lang/String;I)V,0.00E+00,0,0,0.00E+00,0.00E+00,0,0,0.00E+00
com/google/javascript/jscomp/parsing/parser/Parser$Expression.<init>(Ljava/lang/String;I)V,0.00E+00,0,0,0.00E+00,0.00E+00,0,0,0.00E+00
com/google/javascript/jscomp/regex/CaseCanonicalize$DeltaSet.<init>(ILcom/google/javascript/jscomp/regex/CharRanges;)V,0.00E+00,0,0,0.00E+00,0.00E+00,0,0,0.00E+00
com/google/javascript/jscomp/parsing/parser/TokenType.ordinal()I,0.00E+00,0,0,0.00E+00,0.00E+00,0,0,0.00E+00
com/google/javascript/jscomp/SourceMap$Format.<init>(Ljava/lang/String;I)V,0.00E+00,0,0,0.00E+00,0.00E+00,0,0,0.00E+00
com/google/javascript/jscomp/CompilerOptions$ExtractPrototypeMemberDeclarationsMode.<init>(Ljava/lang/String;I)V,0.00E+00,0,0,0.00E+00,0.00E+00,0,0,0.00E+00
com/google/javascript/rhino/Node.appendStringTree(Ljava/lang/Appendable;)V,0.181071492,0.032786885,0.001765398,1,1,1,1,0.042016642
com/google/javascript/jscomp/JsMessage$Style.<init>(Ljava/lang/String;I)V,0.090535746,0.016129032,0.00058812,0.97181146,0.981024414,0.5,0.5,0.017153222
com/google/javascript/rhino/Node$PropListItem.getObjectValue()Ljava/lang/Object;,0.12803688,0.016393443,0.000588466,1,1,1,1,0.02425832
com/google/javascript/jscomp/ExpressionDecomposer$DecompositionType.<init>(Ljava/lang/String;I)V,0.090535746,0.016129032,0.00058812,0.97181146,0.981024414,0.5,0.5,0.017153222
com/google/javascript/jscomp/SourceExcerptProvider$SourceExcerpt.<init>(Ljava/lang/String;ILcom/google/javascript/jscomp/SourceExcerptProvider$1;)V,0.00E+00,0,0,0.00E+00,0.00E+00,0,0,0.00E+00
com/google/javascript/rhino/Node.isBlock()Z,0.12803688,0.016393443,0.000196155,1,1,1,1,0.014005547
java/lang/Integer.intValue()I,0.12803688,0.016393443,0.002353864,1,1,1,1,0.048516639
com/google/javascript/jscomp/CompilerOptions$LanguageMode.ordinal()I,0.00E+00,0,0,0.00E+00,0.00E+00,0,0,0.00E+00
com/google/javascript/jscomp/graph/LinkedDirectedGraph.createDirectedGraphNode(Ljava/lang/Object;)Lcom/google/javascript/jscomp/graph/LinkedDirectedGraph$LinkedDirectedGraphNode;,0.25607376,0.06557377,0.017653982,1,1,1,1,0.132868288
com/google/javascript/jscomp/CodeGenerator.<init>(Lcom/google/javascript/jscomp/CodeConsumer;)V,0.00E+00,0,0,0.00E+00,0.00E+00,0,0,0.00E+00
com/google/javascript/rhino/Node$AbstractPropListItem.<init>(ILcom/google/javascript/rhino/Node$PropListItem;)V,0.12803688,0.016393443,0.00255002,1,1,1,1,0.050497719
com/google/javascript/jscomp/DiagnosticType.<init>(Ljava/lang/String;Lcom/google/javascript/jscomp/CheckLevel;Ljava/text/MessageFormat;)V,0.04267896,0.021582734,0.00275786,0.570073191,0.694578383,0.037037037,0.042134831,0.011134388
com/google/javascript/jscomp/SourceExcerptProvider$SourceExcerpt$2.<init>(Ljava/lang/String;I)V,0.00E+00,0,0,0.00E+00,0.00E+00,0,0,0.00E+00
com/google/javascript/jscomp/GlobalNamespace$Ref.<init>(Lcom/google/javascript/jscomp/GlobalNamespace$Ref$Type;I)V,0.12803688,0.016393443,0.000784621,1,1,1,1,0.028011095
com/google/javascript/rhino/Node.putProp(ILjava/lang/Object;)V,0.12803688,0.016393443,0.000588466,1,1,1,1,0.02425832
com/google/javascript/jscomp/regex/RegExpTree$RegExpTreeAtom.<init>()V,0.00E+00,0,0,0.00E+00,0.00E+00,0,0,0.00E+00
com/google/javascript/jscomp/CommandLineRunner$FormattingOption.ordinal()I,0.00E+00,0,0,0.00E+00,0.00E+00,0,0,0.00E+00
com/google/javascript/rhino/Node.checkTreeEqualsImpl(Lcom/google/javascript/rhino/Node;Z)Lcom/google/javascript/rhino/Node$NodeMismatch;,0.12803688,0.016393443,0.000588466,1,1,1,1,0.02425832
[Lcom/google/javascript/jscomp/VariableVisibilityAnalysis$VariableVisibility;.clone()Ljava/lang/Object;,0.00E+00,0,0,0.00E+00,0.00E+00,0,0,0.00E+00
com/google/javascript/jscomp/AbstractCompiler$LifeCycleStage.<init>(Ljava/lang/String;I)V,0.00E+00,0,0,0.00E+00,0.00E+00,0,0,0.00E+00
com/google/javascript/rhino/Node.toStringTreeHelper(Lcom/google/javascript/rhino/Node;ILjava/lang/Appendable;)V,0.181071492,0.032786885,0.001765398,1,1,1,1,0.042016642
com/google/javascript/jscomp/graph/GraphReachability.<init>(Lcom/google/javascript/jscomp/graph/DiGraph;Lcom/google/common/base/Predicate;)V,0.12803688,0.016393443,0.000196155,1,1,1,1,0.014005547
com/google/javascript/rhino/Node$PropListItem.getType()I,0.12803688,0.016393443,0.003726952,1,1,1,1,0.061048765
java/util/Map.put(Ljava/lang/Object;Ljava/lang/Object;)Ljava/lang/Object;,0.25607376,0.06557377,0.018438603,1,1,1,1,0.135788819
com/google/javascript/jscomp/CoalesceVariableNames$1.<init>()V,0.00E+00,0,0,0.00E+00,0.00E+00,0,0,0.00E+00
com/google/javascript/rhino/Node.toString(ZZZ)Ljava/lang/String;,0.181071492,0.032786885,0.001765398,1,1,1,1,0.042016642
java/util/logging/Logger.getLogger(Ljava/lang/String;)Ljava/util/logging/Logger;,0.00E+00,0,0,0.00E+00,0.00E+00,0,0,0.00E+00
java/lang/String.lastIndexOf(II)I,0.12803688,0.016393443,0.001373087,1,1,1,1,0.037055195
com/google/javascript/jscomp/parsing/JsDocInfoParser$WhitespaceOption.<init>(Ljava/lang/String;I)V,0.00E+00,0,0,0.00E+00,0.00E+00,0,0,0.00E+00
com/google/javascript/jscomp/RenamePrototypes$1.<init>()V,0.00E+00,0,0,0.00E+00,0.00E+00,0,0,0.00E+00
com/google/debugging/sourcemap/Base64VLQ$CharIterator.next()C,0.12803688,0.016393443,0.001373087,1,1,1,1,0.037055195
java/lang/Appendable.append(Ljava/lang/CharSequence;)Ljava/lang/Appendable;,0.221766381,0.049180328,0.013142409,1,1,1,1,0.114640345
com/google/javascript/rhino/Node.toString(Ljava/lang/StringBuilder;ZZZ)V,0.181071492,0.032786885,0.001765398,1,1,1,1,0.042016642
com/google/javascript/jscomp/FunctionInjector$CallSiteType.<init>(Ljava/lang/String;ILcom/google/javascript/jscomp/FunctionInjector$1;)V,0.00E+00,0,0,0.00E+00,0.00E+00,0,0,0.00E+00
com/google/javascript/jscomp/SideEffectsAnalysis$LocationAbstractionMode.values()[Lcom/google/javascript/jscomp/SideEffectsAnalysis$LocationAbstractionMode;,0.00E+00,0,0,0.00E+00,0.00E+00,0,0,0.00E+00
com/google/javascript/jscomp/newtypes/Property$Attribute.ordinal()I,0.00E+00,0,0,0.00E+00,0.00E+00,0,0,0.00E+00
com/google/javascript/rhino/Node.getChildCount()I,0.12803688,0.016393443,0.001961554,1,1,1,1,0.044289429
com/google/javascript/jscomp/GlobalNamespace$Name$Type.<init>(Ljava/lang/String;I)V,0.090535746,0.016129032,0.000979816,0.97181146,0.981024414,0.5,0.5,0.022144715
com/google/javascript/rhino/Node.getDeclaredTypeExpression()Lcom/google/javascript/rhino/Node$TypeDeclarationNode;,0.12803688,0.016393443,0.001961554,1,1,1,1,0.044289429
java/lang/String.isEmpty()Z,0.053164421,0.024875622,0.004917495,0.551823668,0.364680588,0.034482759,0.010980966,0.009845247
com/google/javascript/jscomp/CompilerOptions$Reach.ordinal()I,0.00E+00,0,0,0.00E+00,0.00E+00,0,0,0.00E+00
java/lang/String.<init>([C)V,0.12803688,0.016393443,0.000196155,1,1,1,1,0.014005547
java/util/List.size()I,0.12803688,0.016393443,0.000392311,1,1,1,1,0.019806835
com/google/javascript/jscomp/SourceFile$Builder.<init>()V,0.04267896,0.019900498,0.004043274,0.496224634,0.320635989,0.027777778,0.009046455,0.008102894
com/google/javascript/jscomp/ProcessTweaks$TweakFunction.<init>(Ljava/lang/String;ILjava/lang/String;Ljava/lang/String;I)V,0.00E+00,0,0,0.00E+00,0.00E+00,0,0,0.00E+00
com/google/javascript/rhino/jstype/JSType.isEquivalent(Lcom/google/javascript/rhino/jstype/JSType;Lcom/google/javascript/rhino/jstype/JSType;)Z,0.12803688,0.016393443,0.000196155,1,1,1,1,0.014005547
java/util/HashMap.get(Ljava/lang/Object;)Ljava/lang/Object;,0.12803688,0.016393443,0.002353864,1,1,1,1,0.048516639
java/lang/StringBuilder.append(Ljava/lang/Object;)Ljava/lang/StringBuilder;,0.12803688,0.016393443,0.001765398,1,1,1,1,0.042016642
com/google/javascript/rhino/Node.isEquivalentTo(Lcom/google/javascript/rhino/Node;ZZZ)Z,0.12803688,0.016393443,0.001765398,1,1,1,1,0.042016642
java/text/MessageFormat.format(Ljava/lang/Object;)Ljava/lang/String;,0.00E+00,0,0,0.00E+00,0.00E+00,0,0,0.00E+00
com/google/javascript/jscomp/SourceFile.builder()Lcom/google/javascript/jscomp/SourceFile$Builder;,0.04267896,0.019900498,0.004043274,0.496224634,0.320635989,0.027777778,0.009046455,0.008102894
com/google/javascript/jscomp/DiagnosticType.make(Ljava/lang/String;Lcom/google/javascript/jscomp/CheckLevel;Ljava/lang/String;)Lcom/google/javascript/jscomp/DiagnosticType;,0.04267896,0.021582734,0.00275786,0.570073191,0.694578383,0.037037037,0.042134831,0.011134388
com/google/common/collect/ImmutableSet.of(Ljava/lang/Object;)Lcom/google/common/collect/ImmutableSet;,0.00E+00,0,0,0.00E+00,0.00E+00,0,0,0.00E+00
com/google/javascript/jscomp/CheckEventfulObjectDisposal$SeenType.<init>(Ljava/lang/String;I)V,0.00E+00,0,0,0.00E+00,0.00E+00,0,0,0.00E+00
com/google/common/base/Preconditions.checkState(Z)V,0.25607376,0.06557377,0.003923107,1,1,1,1,0.062634712
com/google/javascript/jscomp/FunctionInjector$CanInlineResult.<init>(Ljava/lang/String;I)V,0.090535746,0.016129032,0.00058812,0.97181146,0.981024414,0.5,0.5,0.017153222
com/google/javascript/jscomp/SourceFile.setOriginalPath(Ljava/lang/String;)V,0.04267896,0.019900498,0.004043274,0.496224634,0.320635989,0.027777778,0.009046455,0.008102894
com/google/javascript/jscomp/CheckPathsBetweenNodes$1.<init>()V,0.00E+00,0,0,0.00E+00,0.00E+00,0,0,0.00E+00
com/google/javascript/jscomp/regex/CharRanges.withMembers([I)Lcom/google/javascript/jscomp/regex/CharRanges;,0.00E+00,0,0,0.00E+00,0.00E+00,0,0,0.00E+00
com/google/javascript/jscomp/ErrorFormat$3.<init>(Ljava/lang/String;I)V,0.135803619,0.045454545,0.000587889,0.953885697,0.968769106,0.375,0.375,0.014855126
com/google/javascript/jscomp/CompilationLevel.values()[Lcom/google/javascript/jscomp/CompilationLevel;,0.00E+00,0,0,0.00E+00,0.00E+00,0,0,0.00E+00
com/google/javascript/jscomp/CodingConventions$DefaultCodingConvention.isExported(Ljava/lang/String;Z)Z,0.12803688,0.016393443,0.001569243,1,1,1,1,0.03961367
com/google/javascript/jscomp/DotFormatter.traverseNodes(Lcom/google/javascript/rhino/Node;)V,0.12803688,0.016393443,0.000196155,1,1,1,1,0.014005547
com/google/javascript/rhino/Node.lookupProperty(I)Lcom/google/javascript/rhino/Node$PropListItem;,0.181071492,0.032786885,0.00843468,1,1,1,1,0.091840515
com/google/javascript/jscomp/ReplaceIdGenerators$RenameStrategy.<init>(Ljava/lang/String;I)V,0.00E+00,0,0,0.00E+00,0.00E+00,0,0,0.00E+00
[Lcom/google/javascript/jscomp/newtypes/Property$Attribute;.clone()Ljava/lang/Object;,0.00E+00,0,0,0.00E+00,0.00E+00,0,0,0.00E+00
com/google/javascript/jscomp/JsMessage$Hash.hash64(Ljava/lang/String;J)J,0.12803688,0.016393443,0.000392311,1,1,1,1,0.019806835
com/google/javascript/rhino/jstype/JSType$1.<init>()V,0.023376229,0.011111111,0.000195046,0.543130165,0.640641217,0.033333333,0.033333333,0.002557051
com/google/javascript/jscomp/ErrorFormat$1.<init>(Ljava/lang/String;I)V,0.135803619,0.045454545,0.000587889,0.953885697,0.968769106,0.375,0.375,0.014855126
com/google/javascript/rhino/Node$IntPropListItem.<init>(IILcom/google/javascript/rhino/Node$PropListItem;)V,0.12803688,0.016393443,0.001961554,1,1,1,1,0.044289429
com/google/javascript/jscomp/SideEffectsAnalysis$LocationAbstractionMode.<init>(Ljava/lang/String;I)V,0.00E+00,0,0,0.00E+00,0.00E+00,0,0,0.00E+00
com/google/javascript/rhino/JSDocInfo.makesUnrestricted()Z,0.12803688,0.016393443,0.000392311,1,1,1,1,0.019806835
com/google/javascript/jscomp/newtypes/NaivePersistentSet.<init>(Ljava/util/Set;)V,0.00E+00,0,0,0.00E+00,0.00E+00,0,0,0.00E+00
com/google/debugging/sourcemap/Base64.toBase64(I)C,0.181071492,0.032786885,0.00255002,1,1,1,1,0.050497719
com/google/javascript/jscomp/CheckPathsBetweenNodes$3.<init>()V,0.00E+00,0,0,0.00E+00,0.00E+00,0,0,0.00E+00
java/util/Arrays.equals([I[I)Z,0.00E+00,0,0,0.00E+00,0.00E+00,0,0,0.00E+00
com/google/javascript/jscomp/SideEffectsAnalysis$DegenerateLocationAbstraction$DegenerateEffectLocation.<init>()V,0.00E+00,0,0,0.00E+00,0.00E+00,0,0,0.00E+00
[I.clone()Ljava/lang/Object;,0.00E+00,0,0,0.00E+00,0.00E+00,0,0,0.00E+00
com/google/javascript/jscomp/newtypes/Property$Attribute.values()[Lcom/google/javascript/jscomp/newtypes/Property$Attribute;,0.00E+00,0,0,0.00E+00,0.00E+00,0,0,0.00E+00
com/google/javascript/jscomp/FunctionInjector$CallSiteType$6.<init>(Ljava/lang/String;I)V,0.00E+00,0,0,0.00E+00,0.00E+00,0,0,0.00E+00
com/google/javascript/jscomp/graph/FixedPointGraphTraversal.<init>(Lcom/google/javascript/jscomp/graph/FixedPointGraphTraversal$EdgeCallback;)V,0.12803688,0.016393443,0.000196155,1,1,1,1,0.014005547
com/google/javascript/jscomp/FunctionInjector$CallSiteType$4.<init>(Ljava/lang/String;I)V,0.00E+00,0,0,0.00E+00,0.00E+00,0,0,0.00E+00
com/google/javascript/jscomp/regex/RegExpTree$LookaheadAssertion.<init>(Lcom/google/javascript/jscomp/regex/RegExpTree;Z)V,0.00E+00,0,0,0.00E+00,0.00E+00,0,0,0.00E+00
com/google/javascript/jscomp/newtypes/ObjectType.makeObjectType(Lcom/google/javascript/jscomp/newtypes/NominalType;Lcom/google/javascript/jscomp/newtypes/PersistentMap;Lcom/google/javascript/jscomp/newtypes/FunctionType;ZLcom/google/javascript/jscomp/newtypes/ObjectKind;)Lcom/google/javascript/jscomp/newtypes/ObjectType;,0.00E+00,0,0,0.00E+00,0.00E+00,0,0,0.00E+00
java/lang/Integer.valueOf(I)Ljava/lang/Integer;,0.045267873,0.014705882,0.001756098,0.831225296,0.945154685,0.125,0.25,0.021008321
com/google/javascript/jscomp/CheckEventfulObjectDisposal$DisposalCheckingPolicy.<init>(Ljava/lang/String;I)V,0.00E+00,0,0,0.00E+00,0.00E+00,0,0,0.00E+00
com/google/javascript/jscomp/InlineProperties$PropertyInfo.<init>(Lcom/google/javascript/rhino/jstype/JSType;Lcom/google/javascript/rhino/Node;)V,0.00E+00,0,0,0.00E+00,0.00E+00,0,0,0.00E+00
com/google/javascript/jscomp/CompilerInput.<init>(Lcom/google/javascript/jscomp/SourceAst;Z)V,0.00E+00,0,0,0.00E+00,0.00E+00,0,0,0.00E+00
com/google/common/io/CharSource.wrap(Ljava/lang/CharSequence;)Lcom/google/common/io/CharSource;,0.12803688,0.016393443,0.001569243,1,1,1,1,0.03961367
java/util/AbstractMap.<init>()V,0.00E+00,0,0,0.00E+00,0.00E+00,0,0,0.00E+00
com/google/javascript/jscomp/SourceAst.getInputId()Lcom/google/javascript/rhino/InputId;,0.00E+00,0,0,0.00E+00,0.00E+00,0,0,0.00E+00
com/google/javascript/rhino/Node.getProp(I)Ljava/lang/Object;,0.181071492,0.032786885,0.005100039,1,1,1,1,0.071414559
com/google/javascript/rhino/JSDocInfo.isOverride()Z,0.12803688,0.016393443,0.000392311,1,1,1,1,0.019806835
[Lcom/google/javascript/jscomp/CompilerOptions$ExtractPrototypeMemberDeclarationsMode;.clone()Ljava/lang/Object;,0.00E+00,0,0,0.00E+00,0.00E+00,0,0,0.00E+00
java/util/Collection.iterator()Ljava/util/Iterator;,0.12803688,0.016393443,0.000196155,1,1,1,1,0.014005547
com/google/javascript/rhino/Node$NumberNode.<init>(D)V,0.12803688,0.016393443,0.000196155,1,1,1,1,0.014005547
com/google/javascript/jscomp/newtypes/NaivePersistentSet.create()Lcom/google/javascript/jscomp/newtypes/PersistentSet;,0.00E+00,0,0,0.00E+00,0.00E+00,0,0,0.00E+00
com/google/javascript/rhino/JSDocInfo$Visibility.ordinal()I,0.00E+00,0,0,0.00E+00,0.00E+00,0,0,0.00E+00
java/util/HashMap.<init>()V,0.202444083,0.075757576,0.004703116,0.97181146,0.99598646,0.5,0.827586207,0.062418356
com/google/javascript/jscomp/CoverageInstrumentationPass$CoverageReach.<init>(Ljava/lang/String;I)V,0.00E+00,0,0,0.00E+00,0.00E+00,0,0,0.00E+00
com/google/javascript/rhino/Node$NodeMismatch.<init>(Lcom/google/javascript/rhino/Node;Lcom/google/javascript/rhino/Node;)V,0.12803688,0.016393443,0.000392311,1,1,1,1,0.019806835
java/lang/Class.forName(Ljava/lang/String;)Ljava/lang/Class;,0.00E+00,0,0,0.00E+00,0.00E+00,0,0,0.00E+00
java/lang/Math.max(II)I,0.00E+00,0,0,0.00E+00,0.00E+00,0,0,0.00E+00
com/google/javascript/jscomp/NodeUtil$ValueType.ordinal()I,0.00E+00,0,0,0.00E+00,0.00E+00,0,0,0.00E+00
com/google/javascript/jscomp/AbstractCompiler$ConfigContext.<init>(Ljava/lang/String;I)V,0.00E+00,0,0,0.00E+00,0.00E+00,0,0,0.00E+00
com/google/javascript/jscomp/graph/LinkedDirectedGraph$LinkedDirectedGraphNode.<init>(Ljava/lang/Object;)V,0.25607376,0.06557377,0.018438603,1,1,1,1,0.135788819
com/google/javascript/jscomp/parsing/parser/Parser$Config$Mode.<init>(Ljava/lang/String;I)V,0.00E+00,0,0,0.00E+00,0.00E+00,0,0,0.00E+00
com/google/javascript/jscomp/ShowByPathWarningsGuard$ShowType.<init>(Ljava/lang/String;I)V,0.00E+00,0,0,0.00E+00,0.00E+00,0,0,0.00E+00
[Lcom/google/javascript/jscomp/CssRenamingMap$Style;.clone()Ljava/lang/Object;,0.00E+00,0,0,0.00E+00,0.00E+00,0,0,0.00E+00
com/google/javascript/jscomp/newtypes/Typedef$State.<init>(Ljava/lang/String;I)V,0.00E+00,0,0,0.00E+00,0.00E+00,0,0,0.00E+00
com/google/javascript/rhino/JSDocInfo.getLicense()Ljava/lang/String;,0.12803688,0.016393443,0.000392311,1,1,1,1,0.019806835
com/google/javascript/jscomp/parsing/TypeTransformationParser$Keywords.ordinal()I,0.00E+00,0,0,0.00E+00,0.00E+00,0,0,0.00E+00
com/google/javascript/rhino/Node$PropListItem.getNext()Lcom/google/javascript/rhino/Node$PropListItem;,0.12803688,0.016393443,0.001176932,1,1,1,1,0.034306444
com/google/javascript/rhino/JSDocInfo.areEquivalent(Lcom/google/javascript/rhino/JSDocInfo;Lcom/google/javascript/rhino/JSDocInfo;)Z,0.12803688,0.016393443,0.000196155,1,1,1,1,0.014005547
com/google/javascript/jscomp/CompilationLevel.ordinal()I,0.00E+00,0,0,0.00E+00,0.00E+00,0,0,0.00E+00
com/google/javascript/rhino/jstype/EquivalenceMethod.<init>(Ljava/lang/String;I)V,0.00E+00,0,0,0.00E+00,0.00E+00,0,0,0.00E+00
com/google/common/collect/ImmutableList.of(Ljava/lang/Object;Ljava/lang/Object;Ljava/lang/Object;Ljava/lang/Object;Ljava/lang/Object;Ljava/lang/Object;Ljava/lang/Object;Ljava/lang/Object;Ljava/lang/Object;)Lcom/google/common/collect/ImmutableList;,0.00E+00,0,0,0.00E+00,0.00E+00,0,0,0.00E+00
com/google/javascript/jscomp/graph/LinkedDirectedGraph$LinkedDirectedGraphNode.getInEdges()Ljava/util/List;,0.221766381,0.049180328,0.018830914,1,1,1,1,0.137225778
java/lang/Object.<init>()V,0.216079117,0.086455331,0.043347968,0.783376378,0.776588853,0.094936709,0.063000101,0.087673007
com/google/javascript/jscomp/ErrorFormat.<init>(Ljava/lang/String;ILcom/google/javascript/jscomp/ErrorFormat$1;)V,0.135803619,0.045454545,0.002344666,0.953885697,0.968769106,0.375,0.375,0.029710252
com/google/common/base/CharMatcher.is(C)Lcom/google/common/base/CharMatcher;,0.00E+00,0,0,0.00E+00,0.00E+00,0,0,0.00E+00
java/lang/String.lastIndexOf(I)I,0.12803688,0.016393443,0.001176932,1,1,1,1,0.034306444
com/google/javascript/rhino/Node.getStaticSourceFile()Lcom/google/javascript/rhino/StaticSourceFile;,0.12803688,0.016393443,0.000392311,1,1,1,1,0.019806835
com/google/javascript/jscomp/FunctionInjector$CallSiteType.<init>(Ljava/lang/String;I)V,0.00E+00,0,0,0.00E+00,0.00E+00,0,0,0.00E+00
com/google/javascript/rhino/JSDocInfo.getTemplateTypeNames()Lcom/google/common/collect/ImmutableList;,0.12803688,0.016393443,0.000392311,1,1,1,1,0.019806835
com/google/javascript/jscomp/VariableRenamingPolicy.<init>(Ljava/lang/String;I)V,0.00E+00,0,0,0.00E+00,0.00E+00,0,0,0.00E+00
com/google/javascript/jscomp/ErrorFormat$2.<init>(Ljava/lang/String;I)V,0.135803619,0.045454545,0.000587889,0.953885697,0.968769106,0.375,0.375,0.014855126
com/google/javascript/rhino/Node.newNumber(D)Lcom/google/javascript/rhino/Node;,0.12803688,0.016393443,0.000196155,1,1,1,1,0.014005547
com/google/javascript/jscomp/CodeGenerator$Context.<init>(Ljava/lang/String;I)V,0.00E+00,0,0,0.00E+00,0.00E+00,0,0,0.00E+00
com/google/javascript/rhino/Node.createProp(IILcom/google/javascript/rhino/Node$PropListItem;)Lcom/google/javascript/rhino/Node$PropListItem;,0.12803688,0.016393443,0.001961554,1,1,1,1,0.044289429
com/google/javascript/jscomp/CompilerOptions$DevMode.<init>(Ljava/lang/String;I)V,0.00E+00,0,0,0.00E+00,0.00E+00,0,0,0.00E+00
com/google/javascript/jscomp/GlobalNamespace$Ref$Type.ordinal()I,0.00E+00,0,0,0.00E+00,0.00E+00,0,0,0.00E+00
com/google/javascript/jscomp/FunctionInjector$CallSiteType.values()[Lcom/google/javascript/jscomp/FunctionInjector$CallSiteType;,0.00E+00,0,0,0.00E+00,0.00E+00,0,0,0.00E+00
com/google/javascript/jscomp/graph/Graph.getNodes()Ljava/util/Collection;,0.12803688,0.016393443,0.000196155,1,1,1,1,0.014005547
com/google/debugging/sourcemap/Base64VLQ.fromVLQSigned(I)I,0.12803688,0.016393443,0.000980777,1,1,1,1,0.031317356
[Lcom/google/javascript/rhino/JSDocInfo$Visibility;.clone()Ljava/lang/Object;,0.00E+00,0,0,0.00E+00,0.00E+00,0,0,0.00E+00
com/google/javascript/rhino/JSDocInfo.<init>(Z)V,0.181071492,0.032786885,0.001373087,1,1,1,1,0.037055195
java/lang/Class.getName()Ljava/lang/String;,0.00E+00,0,0,0.00E+00,0.00E+00,0,0,0.00E+00
com/google/common/collect/ImmutableMap.builder()Lcom/google/common/collect/ImmutableMap$Builder;,0.00E+00,0,0,0.00E+00,0.00E+00,0,0,0.00E+00
com/google/debugging/sourcemap/Base64.fromBase64(C)I,0.12803688,0.016393443,0.001373087,1,1,1,1,0.037055195
com/google/javascript/jscomp/graph/DiGraph.clearNodeAnnotations()V,0.12803688,0.016393443,0.000196155,1,1,1,1,0.014005547
com/google/debugging/sourcemap/SourceMapFormat.values()[Lcom/google/debugging/sourcemap/SourceMapFormat;,0.00E+00,0,0,0.00E+00,0.00E+00,0,0,0.00E+00
com/google/javascript/jscomp/WarningLevel.ordinal()I,0.00E+00,0,0,0.00E+00,0.00E+00,0,0,0.00E+00
com/google/javascript/jscomp/CustomPassExecutionTime.<init>(Ljava/lang/String;I)V,0.00E+00,0,0,0.00E+00,0.00E+00,0,0,0.00E+00
com/google/javascript/jscomp/graph/DiGraph.<init>()V,0.25607376,0.06557377,0.004119262,1,1,1,1,0.064181481
java/lang/String.equals(Ljava/lang/Object;)Z,0.181071492,0.032786885,0.000392311,1,1,1,1,0.019806835
com/google/javascript/rhino/IR.paramList()Lcom/google/javascript/rhino/Node;,0.12803688,0.016393443,0.000196155,1,1,1,1,0.014005547
com/google/javascript/rhino/JSDocInfo.setLicense(Ljava/lang/String;)V,0.12803688,0.016393443,0.000392311,1,1,1,1,0.019806835
com/google/javascript/rhino/JSDocInfo.getSuppressions()Ljava/util/Set;,0.12803688,0.016393443,0.000392311,1,1,1,1,0.019806835
com/google/javascript/jscomp/DotFormatter.formatPreamble()V,0.12803688,0.016393443,0.000196155,1,1,1,1,0.014005547
com/google/javascript/jscomp/parsing/Config$LanguageMode.values()[Lcom/google/javascript/jscomp/parsing/Config$LanguageMode;,0.00E+00,0,0,0.00E+00,0.00E+00,0,0,0.00E+00
com/google/javascript/jscomp/CodingConventions$Proxy.<init>(Lcom/google/javascript/jscomp/CodingConvention;)V,0.00E+00,0,0,0.00E+00,0.00E+00,0,0,0.00E+00
com/google/javascript/jscomp/RecentChange.<init>()V,0.12803688,0.016393443,0.000392311,1,1,1,1,0.019806835
com/google/javascript/jscomp/graph/LinkedDirectedGraph$AnnotatedLinkedDirectedGraphEdge.<init>(Lcom/google/javascript/jscomp/graph/DiGraph$DiGraphNode;Ljava/lang/Object;Lcom/google/javascript/jscomp/graph/DiGraph$DiGraphNode;)V,0.221766381,0.049180328,0.018830914,1,1,1,1,0.137225778
com/google/javascript/rhino/jstype/FunctionType$PropAccess.<init>(Ljava/lang/String;I)V,0.00E+00,0,0,0.00E+00,0.00E+00,0,0,0.00E+00
com/google/javascript/jscomp/SideEffectsAnalysis$LocationAbstractionMode.ordinal()I,0.00E+00,0,0,0.00E+00,0.00E+00,0,0,0.00E+00
com/google/javascript/rhino/Node.getLineno()I,0.181071492,0.032786885,0.001961554,1,1,1,1,0.044289429
com/google/javascript/jscomp/SourceExcerptProvider$SourceExcerpt.<init>(Ljava/lang/String;I)V,0.00E+00,0,0,0.00E+00,0.00E+00,0,0,0.00E+00
com/google/javascript/jscomp/SourceFile$Builder.buildFromCode(Ljava/lang/String;Ljava/lang/String;)Lcom/google/javascript/jscomp/SourceFile;,0.04267896,0.019900498,0.004043274,0.496224634,0.320635989,0.027777778,0.009046455,0.008102894
com/google/javascript/jscomp/NodeUtil$ValueType.<init>(Ljava/lang/String;I)V,0.00E+00,0,0,0.00E+00,0.00E+00,0,0,0.00E+00
[Lcom/google/javascript/jscomp/NodeUtil$ValueType;.clone()Ljava/lang/Object;,0.00E+00,0,0,0.00E+00,0.00E+00,0,0,0.00E+00
